Model,Displ,Cyl,Trans,Drive,Fuel,Sales Area,Stnd,Stnd Description,Underhood ID,Veh Class,Smog Rating,City MPG,Hwy MPG,Cmb MPG,Greenhouse Gas Score,SmartWay
AUDI A3 e-tron,1.4,4,AMS-6,2WD,Gasoline/Electricity,CA,L3SULEV30,California LEV-III SULEV30,JVGAV01.4V3B,small car,7,34/81,39/86,36/83,10,Elite
AUDI A3 e-tron,1.4,4,AMS-6,2WD,Gasoline/Electricity,FA,T3B30,Federal Tier 3 Bin 30,JVGAV01.4V3B,small car,7,34/81,39/86,36/83,10,Elite
AUDI A4 Ultra,2,4,AMS-7,2WD,Gasoline,CA,L3ULEV125,California LEV-III ULEV125,JVGAJ02.0AAC,small car,3,27,37,31,7,Yes
AUDI A4 Ultra,2,4,AMS-7,2WD,Gasoline,FA,T3B125,Federal Tier 3 Bin 125,JVGAJ02.0AAC,small car,3,27,37,31,7,Yes
BMW 328d,2,4,SemiAuto-8,2WD,Diesel,FA,T3B125,Federal Tier 3 Bin 125,JBMXV02.0N47,small car,3,31,43,36,7,Yes
BMW 328d,2,4,SemiAuto-8,2WD,Diesel,CA,U2,California LEV-II ULEV,JBMXV02.0N47,small car,3,31,43,36,7,Yes
BMW 330e,2,4,SemiAuto-8,2WD,Gasoline/Electricity,CA,L3ULEV125,California LEV-III ULEV125,JBMXV02.0H48,small car,3,28/66,34/78,30/71,10,Yes
BMW 330e,2,4,SemiAuto-8,2WD,Gasoline/Electricity,FA,T3B125,Federal Tier 3 Bin 125,JBMXV02.0H48,small car,3,28/66,34/78,30/71,10,Yes
BMW 530e,2,4,SemiAuto-8,2WD,Gasoline/Electricity,CA,L3SULEV30,California LEV-III SULEV30,JBMXV02.0H30,small car,7,27/70,31/75,29/72,10,Elite
BMW 530e,2,4,SemiAuto-8,2WD,Gasoline/Electricity,FA,T3B30,Federal Tier 3 Bin 30,JBMXV02.0H30,small car,7,27/70,31/75,29/72,10,Elite
BMW 530e,2,4,SemiAuto-8,4WD,Gasoline/Electricity,CA,L3SULEV30,California LEV-III SULEV30,JBMXV02.0H30,small car,7,27/66,31/68,28/67,10,Elite
BMW 530e,2,4,SemiAuto-8,4WD,Gasoline/Electricity,FA,T3B30,Federal Tier 3 Bin 30,JBMXV02.0H30,small car,7,27/66,31/68,28/67,10,Elite
BMW 740e,2,4,SemiAuto-8,4WD,Gasoline/Electricity,CA,L3ULEV125,California LEV-III ULEV125,JBMXV02.0H48,large car,3,25/62,29/68,27/64,9,Yes
BMW 740e,2,4,SemiAuto-8,4WD,Gasoline/Electricity,FA,T3B125,Federal Tier 3 Bin 125,JBMXV02.0H48,large car,3,25/62,29/68,27/64,9,Yes
BMW X5 xDrive40e,2,4,SemiAuto-8,4WD,Gasoline/Electricity,FA,T3B125,Federal Tier 3 Bin 125,JBMXT02.0H20,standard SUV,3,23/55,25/57,24/56,8,Yes
BMW X5 xDrive40e,2,4,SemiAuto-8,4WD,Gasoline/Electricity,CA,U2,California LEV-II ULEV,JBMXT02.0H20,standard SUV,3,23/55,25/57,24/56,8,Yes
BMW i3 (94Ah),.6,2,Auto-1,2WD,Gasoline/Electricity,CA,L3SULEV30,California LEV-III SULEV30,JBMXV00.6I3R,small car,7,36/117,33/101,35/109,10,Elite
BMW i3 (94Ah),.6,2,Auto-1,2WD,Gasoline/Electricity,FA,T3B30,Federal Tier 3 Bin 30,JBMXV00.6I3R,small car,7,36/117,33/101,35/109,10,Elite
BMW i3 (94Ah),N/A,N/A,Auto-1,2WD,Electricity,FA,T3B0,Federal Tier 3 Bin 0,JBMXV00.0I3B,small car,10,129,106,118,10,Elite
BMW i3 (94Ah),N/A,N/A,Auto-1,2WD,Electricity,CA,ZEV,California ZEV,JBMXV00.0I3B,small car,10,129,106,118,10,Elite
BMW i3s (94Ah),.6,2,Auto-1,2WD,Gasoline/Electricity,CA,L3SULEV30,California LEV-III SULEV30,JBMXV00.6I3R,small car,7,36/117,33/101,35/109,10,Elite
BMW i3s (94Ah),.6,2,Auto-1,2WD,Gasoline/Electricity,FA,T3B30,Federal Tier 3 Bin 30,JBMXV00.6I3R,small car,7,36/117,33/101,35/109,10,Elite
BMW i3s (94Ah),N/A,N/A,Auto-1,2WD,Electricity,FA,T3B0,Federal Tier 3 Bin 0,JBMXV00.0I3B,small car,10,126,99,112,10,Elite
BMW i3s (94Ah),N/A,N/A,Auto-1,2WD,Electricity,CA,ZEV,California ZEV,JBMXV00.0I3B,small car,10,126,99,112,10,Elite
BUICK Encore,1.4,4,SemiAuto-6,2WD,Gasoline,CA,T3B110,Federal Tier 3 Transitional Bin 110,JGMXV01.4001,small SUV,3,27,33,30,7,Yes
BUICK Encore,1.4,4,SemiAuto-6,2WD,Gasoline,FA,T3B110,Federal Tier 3 Transitional Bin 110,JGMXV01.4001,small SUV,3,27,33,30,7,Yes
BYD e6,N/A,N/A,Auto-1,2WD,Electricity,FA,B1,Federal Tier 2 Bin 1,JBYDV0000001,small SUV,10,73,71,72,10,Elite
CADILLAC CT6 Plug-In,2,4,CVT,2WD,Gasoline/Electricity,CA,T3B110,Federal Tier 3 Transitional Bin 110,JGMXV02.0050,midsize car,3,23/56,29/71,25/62,10,Yes
CADILLAC CT6 Plug-In,2,4,CVT,2WD,Gasoline/Electricity,FA,T3B110,Federal Tier 3 Transitional Bin 110,JGMXV02.0050,midsize car,3,23/56,29/71,25/62,10,Yes
CHEVROLET Bolt EV,N/A,N/A,Auto-1,2WD,Electricity,FA,T3B0,Federal Tier 3 Bin 0,JGMXV00.0002,station wagon,10,128,110,119,10,Elite
CHEVROLET Bolt EV,N/A,N/A,Auto-1,2WD,Electricity,CA,ZEV,California ZEV,JGMXV00.0002,station wagon,10,128,110,119,10,Elite
CHEVROLET Cruze,1.4,4,Man-6,2WD,Gasoline,CA,L3ULEV50,California LEV-III ULEV50,JGMXV01.5002,small car,6,27,40,32,7,Yes
CHEVROLET Cruze,1.4,4,Man-6,2WD,Gasoline,FA,T3B50,Federal Tier 3 Bin 50,JGMXV01.5002,small car,6,27,40,32,7,Yes
CHEVROLET Cruze,1.4,4,SemiAuto-6,2WD,Gasoline,CA,L3ULEV50,California LEV-III ULEV50,JGMXV01.5002,small car,6,29,40,33,8,Yes
CHEVROLET Cruze,1.4,4,SemiAuto-6,2WD,Gasoline,FA,T3B50,Federal Tier 3 Bin 50,JGMXV01.5002,small car,6,29,40,33,8,Yes
CHEVROLET Cruze,1.6,4,Auto-9,2WD,Diesel,CA,L3ULEV125,California LEV-III ULEV125,JGMXJ01.6356,small car,3,31,47,37,7,Yes
CHEVROLET Cruze,1.6,4,Auto-9,2WD,Diesel,FA,T3B125,Federal Tier 3 Bin 125,JGMXJ01.6356,small car,3,31,47,37,7,Yes
CHEVROLET Cruze,1.6,4,Man-6,2WD,Diesel,CA,L3ULEV125,California LEV-III ULEV125,JGMXJ01.6356,small car,3,30,52,37,7,Yes
CHEVROLET Cruze,1.6,4,Man-6,2WD,Diesel,FA,T3B125,Federal Tier 3 Bin 125,JGMXJ01.6356,small car,3,30,52,37,7,Yes
CHEVROLET Cruze Hatchback,1.4,4,Man-6,2WD,Gasoline,CA,L3ULEV50,California LEV-III ULEV50,JGMXV01.5002,midsize car,6,27,38,31,7,Yes
CHEVROLET Cruze Hatchback,1.4,4,Man-6,2WD,Gasoline,FA,T3B50,Federal Tier 3 Bin 50,JGMXV01.5002,midsize car,6,27,38,31,7,Yes
CHEVROLET Cruze Hatchback,1.4,4,SemiAuto-6,2WD,Gasoline,CA,L3ULEV50,California LEV-III ULEV50,JGMXV01.5002,midsize car,6,29,38,32,7,Yes
CHEVROLET Cruze Hatchback,1.4,4,SemiAuto-6,2WD,Gasoline,FA,T3B50,Federal Tier 3 Bin 50,JGMXV01.5002,midsize car,6,29,38,32,7,Yes
CHEVROLET Cruze Hatchback,1.6,4,Auto-9,2WD,Diesel,CA,L3ULEV125,California LEV-III ULEV125,JGMXJ01.6356,midsize car,3,30,45,35,7,Yes
CHEVROLET Cruze Hatchback,1.6,4,Auto-9,2WD,Diesel,FA,T3B125,Federal Tier 3 Bin 125,JGMXJ01.6356,midsize car,3,30,45,35,7,Yes
CHEVROLET Cruze Hatchback,1.6,4,Man-6,2WD,Diesel,CA,L3ULEV125,California LEV-III ULEV125,JGMXJ01.6356,midsize car,3,29,48,35,7,Yes
CHEVROLET Cruze Hatchback,1.6,4,Man-6,2WD,Diesel,FA,T3B125,Federal Tier 3 Bin 125,JGMXJ01.6356,midsize car,3,29,48,35,7,Yes
CHEVROLET Cruze Premier,1.4,4,SemiAuto-6,2WD,Gasoline,CA,L3ULEV50,California LEV-III ULEV50,JGMXV01.5002,small car,6,29,39,33,8,Yes
CHEVROLET Cruze Premier,1.4,4,SemiAuto-6,2WD,Gasoline,FA,T3B50,Federal Tier 3 Bin 50,JGMXV01.5002,small car,6,29,39,33,8,Yes
CHEVROLET Cruze Premier Hatchback,1.4,4,SemiAuto-6,2WD,Gasoline,CA,L3ULEV50,California LEV-III ULEV50,JGMXV01.5002,midsize car,6,28,37,31,7,Yes
CHEVROLET Cruze Premier Hatchback,1.4,4,SemiAuto-6,2WD,Gasoline,FA,T3B50,Federal Tier 3 Bin 50,JGMXV01.5002,midsize car,6,28,37,31,7,Yes
CHEVROLET Malibu,1.5,4,Auto-6,2WD,Gasoline,CA,L3ULEV50,California LEV-III ULEV50,JGMXV01.5002,midsize car,6,27,36,30,7,Yes
CHEVROLET Malibu,1.5,4,Auto-6,2WD,Gasoline,FA,T3B50,Federal Tier 3 Bin 50,JGMXV01.5002,midsize car,6,27,36,30,7,Yes
CHEVROLET Malibu,1.5,4,Auto-6,2WD,Gasoline,CA,L3SULEV30,California LEV-III SULEV30,JGMXV01.5010,midsize car,7,27,36,30,7,Yes
CHEVROLET Malibu,1.5,4,Auto-6,2WD,Gasoline,FA,T3B30,Federal Tier 3 Bin 30,JGMXV01.5010,midsize car,7,27,36,30,7,Yes
CHEVROLET Malibu,1.8,4,CVT,2WD,Gasoline,CA,T3B110,Federal Tier 3 Transitional Bin 110,JGMXV01.8050,midsize car,3,49,43,46,10,Yes
CHEVROLET Malibu,1.8,4,CVT,2WD,Gasoline,FA,T3B110,Federal Tier 3 Transitional Bin 110,JGMXV01.8050,midsize car,3,49,43,46,10,Yes
CHEVROLET Sonic,1.4,4,Man-6,2WD,Gasoline,CA,T3B110,Federal Tier 3 Transitional Bin 110,JGMXV01.4099,small car,3,28,37,32,7,Yes
CHEVROLET Sonic,1.4,4,Man-6,2WD,Gasoline,FA,T3B110,Federal Tier 3 Transitional Bin 110,JGMXV01.4099,small car,3,28,37,32,7,Yes
CHEVROLET Sonic,1.4,4,SemiAuto-6,2WD,Gasoline,CA,T3B110,Federal Tier 3 Transitional Bin 110,JGMXV01.4099,small car,3,27,35,30,7,Yes
CHEVROLET Sonic,1.4,4,SemiAuto-6,2WD,Gasoline,FA,T3B110,Federal Tier 3 Transitional Bin 110,JGMXV01.4099,small car,3,27,35,30,7,Yes
CHEVROLET Sonic 5,1.4,4,Man-6,2WD,Gasoline,CA,T3B110,Federal Tier 3 Transitional Bin 110,JGMXV01.4099,station wagon,3,28,37,32,7,Yes
CHEVROLET Sonic 5,1.4,4,Man-6,2WD,Gasoline,FA,T3B110,Federal Tier 3 Transitional Bin 110,JGMXV01.4099,station wagon,3,28,37,32,7,Yes
CHEVROLET Sonic 5,1.4,4,SemiAuto-6,2WD,Gasoline,CA,T3B110,Federal Tier 3 Transitional Bin 110,JGMXV01.4099,station wagon,3,27,35,30,7,Yes
CHEVROLET Sonic 5,1.4,4,SemiAuto-6,2WD,Gasoline,FA,T3B110,Federal Tier 3 Transitional Bin 110,JGMXV01.4099,station wagon,3,27,35,30,7,Yes
CHEVROLET Spark,1.4,4,CVT,2WD,Gasoline,CA,L3ULEV70,California LEV-III ULEV70,JGMXV01.4050,small car,5,30,38,33,8,Yes
CHEVROLET Spark,1.4,4,CVT,2WD,Gasoline,FA,T3B70,Federal Tier 3 Bin 70,JGMXV01.4050,small car,5,30,38,33,8,Yes
CHEVROLET Spark,1.4,4,Man-5,2WD,Gasoline,CA,L3ULEV70,California LEV-III ULEV70,JGMXV01.4050,small car,5,29,39,33,8,Yes
CHEVROLET Spark,1.4,4,Man-5,2WD,Gasoline,FA,T3B70,Federal Tier 3 Bin 70,JGMXV01.4050,small car,5,29,39,33,8,Yes
CHEVROLET Spark Activ,1.4,4,CVT,2WD,Gasoline,CA,L3ULEV70,California LEV-III ULEV70,JGMXV01.4050,small car,5,30,37,33,8,Yes
CHEVROLET Spark Activ,1.4,4,CVT,2WD,Gasoline,FA,T3B70,Federal Tier 3 Bin 70,JGMXV01.4050,small car,5,30,37,33,8,Yes
CHEVROLET Spark Activ,1.4,4,Man-5,2WD,Gasoline,CA,L3ULEV70,California LEV-III ULEV70,JGMXV01.4050,small car,5,29,38,32,7,Yes
CHEVROLET Spark Activ,1.4,4,Man-5,2WD,Gasoline,FA,T3B70,Federal Tier 3 Bin 70,JGMXV01.4050,small car,5,29,38,32,7,Yes
CHEVROLET Volt,1.5,4,CVT,2WD,Gasoline/Electricity,CA,L3ULEV125,California LEV-III ULEV125,JGMXV01.5020,small car,3,43/113,42/99,42/106,10,Yes
CHEVROLET Volt,1.5,4,CVT,2WD,Gasoline/Electricity,FA,T3B125,Federal Tier 3 Bin 125,JGMXV01.5020,small car,3,43/113,42/99,42/106,10,Yes
CHEVROLET Volt,1.5,4,CVT,2WD,Gasoline/Electricity,CA,L3SULEV30,California LEV-III SULEV30,JGMXV01.5030,small car,7,43/113,42/99,42/106,10,Elite
CHEVROLET Volt,1.5,4,CVT,2WD,Gasoline/Electricity,FA,T3B30,Federal Tier 3 Bin 30,JGMXV01.5030,small car,7,43/113,42/99,42/106,10,Elite
CHRYSLER Pacifica Hybrid,3.6,6,CVT,2WD,Gasoline/Electricity,CA,L3SULEV30,California LEV-III SULEV30,JCRXT03.65P3,minivan,7,32/89,33/78,32/84,10,Elite
CHRYSLER Pacifica Hybrid,3.6,6,CVT,2WD,Gasoline/Electricity,FA,T3B30,Federal Tier 3 Bin 30,JCRXT03.65P3,minivan,7,32/89,33/78,32/84,10,Elite
FIAT 124 Spider,1.4,4,Man-6,2WD,Gasoline,CA,L3ULEV125,California LEV-III ULEV125,JCRXJ01.45P0,small car,3,26,35,30,7,Yes
FIAT 124 Spider,1.4,4,Man-6,2WD,Gasoline,FA,T3B125,Federal Tier 3 Bin 125,JCRXJ01.45P0,small car,3,26,35,30,7,Yes
FIAT 500,1.4,4,Man-5,2WD,Gasoline,CA,L3ULEV125,California LEV-III ULEV125,JCRXJ01.45P0,small car,3,28,33,30,7,Yes
FIAT 500,1.4,4,Man-5,2WD,Gasoline,FA,T3B125,Federal Tier 3 Bin 125,JCRXJ01.45P0,small car,3,28,33,30,7,Yes
FIAT 500 Abarth,1.4,4,Man-5,2WD,Gasoline,CA,L3ULEV125,California LEV-III ULEV125,JCRXJ01.45P0,small car,3,28,33,30,7,Yes
FIAT 500 Abarth,1.4,4,Man-5,2WD,Gasoline,FA,T3B125,Federal Tier 3 Bin 125,JCRXJ01.45P0,small car,3,28,33,30,7,Yes
FIAT 500e,N/A,N/A,Auto-1,2WD,Electricity,FA,T3B0,Federal Tier 3 Bin 0,JCRXV00.05PR,small car,10,121,103,112,10,Elite
FIAT 500e,N/A,N/A,Auto-1,2WD,Electricity,CA,ZEV,California ZEV,JCRXV00.05PR,small car,10,121,103,112,10,Elite
FORD C-MAX Hybrid,2,4,CVT,2WD,Gasoline,CA,L3SULEV30,California LEV-III SULEV30,JFMXV02.0VZT,large car,7,42,38,40,9,Yes
FORD C-MAX Hybrid,2,4,CVT,2WD,Gasoline,FA,T3B30,Federal Tier 3 Bin 30,JFMXV02.0VZT,large car,7,42,38,40,9,Yes
FORD Fiesta,1.6,4,AMS-6,2WD,Gasoline,CA,T3B110,Federal Tier 3 Transitional Bin 110,JFMXV01.6VDC,small car,3,27,37,31,7,Yes
FORD Fiesta,1.6,4,AMS-6,2WD,Gasoline,FA,T3B110,Federal Tier 3 Transitional Bin 110,JFMXV01.6VDC,small car,3,27,37,31,7,Yes
FORD Fiesta,1.6,4,Man-5,2WD,Gasoline,CA,T3B110,Federal Tier 3 Transitional Bin 110,JFMXV01.6VDC,small car,3,27,35,30,7,Yes
FORD Fiesta,1.6,4,Man-5,2WD,Gasoline,FA,T3B110,Federal Tier 3 Transitional Bin 110,JFMXV01.6VDC,small car,3,27,35,30,7,Yes
FORD Focus,1,3,Man-6,2WD,Gasoline,FA,T3B110,Federal Tier 3 Transitional Bin 110,JFMXV01.0VD4,small car,3,30,40,34,8,Yes
FORD Focus,1,3,Man-6,2WD,Gasoline,CA,U2,California LEV-II ULEV,JFMXV01.0VD4,small car,3,30,40,34,8,Yes
FORD Focus,1,3,SemiAuto-6,2WD,Gasoline,FA,T3B110,Federal Tier 3 Transitional Bin 110,JFMXV01.0VD4,small car,3,27,38,31,7,Yes
FORD Focus,1,3,SemiAuto-6,2WD,Gasoline,CA,U2,California LEV-II ULEV,JFMXV01.0VD4,small car,3,27,38,31,7,Yes
FORD Focus,2,4,AutoMan-6,2WD,Gasoline,CA,L3SULEV30,California LEV-III SULEV30,JFMXV02.0VZ2,small car,7,26,38,31,7,Yes
FORD Focus,2,4,AutoMan-6,2WD,Gasoline,FA,T3B30,Federal Tier 3 Bin 30,JFMXV02.0VZ2,small car,7,26,38,31,7,Yes
FORD Focus Electric,N/A,N/A,Auto-1,2WD,Electricity,FA,T3B0,Federal Tier 3 Bin 0,JFMXV00.0VAF,small car,10,118,96,107,10,Elite
FORD Focus Electric,N/A,N/A,Auto-1,2WD,Electricity,CA,ZEV,California ZEV,JFMXV00.0VAF,small car,10,118,96,107,10,Elite
FORD Fusion Energi Plug-in Hybrid,2,4,CVT,2WD,Gasoline/Electricity,CA,L3SULEV30,California LEV-III SULEV30,JFMXV02.0VZQ,midsize car,7,43/102,41/91,42/97,10,Elite
FORD Fusion Energi Plug-in Hybrid,2,4,CVT,2WD,Gasoline/Electricity,FA,T3B30,Federal Tier 3 Bin 30,JFMXV02.0VZQ,midsize car,7,43/102,41/91,42/97,10,Elite
FORD Fusion Hybrid,2,4,CVT,2WD,Gasoline,CA,L3SULEV30,California LEV-III SULEV30,JFMXV02.0VZT,midsize car,7,43,41,42,9,Yes
FORD Fusion Hybrid,2,4,CVT,2WD,Gasoline,FA,T3B30,Federal Tier 3 Bin 30,JFMXV02.0VZT,midsize car,7,43,41,42,9,Yes
HONDA Accord,1.5,4,CVT,2WD,Gasoline,CA,L3SULEV30,California LEV-III SULEV30,JHNXV01.54K2,large car,7,30,38,33,8,Yes
HONDA Accord,1.5,4,CVT,2WD,Gasoline,FA,T3B30,Federal Tier 3 Bin 30,JHNXV01.54K2,large car,7,30,38,33,8,Yes
HONDA Accord,1.5,4,Man-6,2WD,Gasoline,CA,L3ULEV50,California LEV-III ULEV50,JHNXV01.55J2,large car,6,26,35,30,7,Yes
HONDA Accord,1.5,4,Man-6,2WD,Gasoline,FA,T3B50,Federal Tier 3 Bin 50,JHNXV01.55J2,large car,6,26,35,30,7,Yes
HONDA Accord,1.5,4,SCV-7,2WD,Gasoline,CA,L3SULEV30,California LEV-III SULEV30,JHNXV01.54K2,large car,7,29,35,31,7,Yes
HONDA Accord,1.5,4,SCV-7,2WD,Gasoline,FA,T3B30,Federal Tier 3 Bin 30,JHNXV01.54K2,large car,7,29,35,31,7,Yes
HONDA Accord,2,4,CVT,2WD,Gasoline,CA,L3SULEV30,California LEV-III SULEV30,JHNXV02.09K2,large car,7,47,47,47,10,Elite
HONDA Accord,2,4,CVT,2WD,Gasoline,FA,T3B30,Federal Tier 3 Bin 30,JHNXV02.09K2,large car,7,47,47,47,10,Elite
HONDA CR-V,1.5,4,CVT,2WD,Gasoline,CA,L3ULEV70,California LEV-III ULEV70,JHNXT01.51R3,small SUV,5,28,34,30,7,Yes
HONDA CR-V,1.5,4,CVT,2WD,Gasoline,FA,T3B70,Federal Tier 3 Bin 70,JHNXT01.51R3,small SUV,5,28,34,30,7,Yes
HONDA Civic 2Dr,1.5,4,CVT,2WD,Gasoline,CA,L3SULEV30,California LEV-III SULEV30,JHNXV01.5362,small car,7,31,40,35,8,Yes
HONDA Civic 2Dr,1.5,4,CVT,2WD,Gasoline,FA,T3B30,Federal Tier 3 Bin 30,JHNXV01.5362,small car,7,31,40,35,8,Yes
HONDA Civic 2Dr,1.5,4,CVT,2WD,Gasoline,CA,L3ULEV125,California LEV-III ULEV125,JHNXV01.5TH2,small car,3,31,40,35,8,Yes
HONDA Civic 2Dr,1.5,4,CVT,2WD,Gasoline,FA,T3B125,Federal Tier 3 Bin 125,JHNXV01.5TH2,small car,3,31,40,35,8,Yes
HONDA Civic 2Dr,1.5,4,Man-6,2WD,Gasoline,CA,L3ULEV125,California LEV-III ULEV125,JHNXV01.5TH2,small car,3,30,41,35,8,Yes
HONDA Civic 2Dr,1.5,4,Man-6,2WD,Gasoline,FA,T3B125,Federal Tier 3 Bin 125,JHNXV01.5TH2,small car,3,30,41,35,8,Yes
HONDA Civic 2Dr,1.5,4,Man-6,2WD,Gasoline,CA,L3ULEV125,California LEV-III ULEV125,JHNXV01.5VH3,small car,3,28,38,32,7,Yes
HONDA Civic 2Dr,1.5,4,Man-6,2WD,Gasoline,FA,T3B125,Federal Tier 3 Bin 125,JHNXV01.5VH3,small car,3,28,38,32,7,Yes
HONDA Civic 2Dr,2,4,CVT,2WD,Gasoline,CA,L3SULEV30,California LEV-III SULEV30,JHNXV02.0C63,small car,7,30,39,34,8,Yes
HONDA Civic 2Dr,2,4,CVT,2WD,Gasoline,FA,T3B30,Federal Tier 3 Bin 30,JHNXV02.0C63,small car,7,30,39,34,8,Yes
HONDA Civic 2Dr,2,4,CVT,2WD,Gasoline,CA,L3ULEV125,California LEV-III ULEV125,JHNXV02.0DH3,small car,3,30,39,34,8,Yes
HONDA Civic 2Dr,2,4,CVT,2WD,Gasoline,FA,T3B125,Federal Tier 3 Bin 125,JHNXV02.0DH3,small car,3,30,39,34,8,Yes
HONDA Civic 2Dr,2,4,Man-6,2WD,Gasoline,CA,L3ULEV125,California LEV-III ULEV125,JHNXV02.0DH3,small car,3,28,39,32,7,Yes
HONDA Civic 2Dr,2,4,Man-6,2WD,Gasoline,FA,T3B125,Federal Tier 3 Bin 125,JHNXV02.0DH3,small car,3,28,39,32,7,Yes
HONDA Civic 4Dr,1.5,4,CVT,2WD,Gasoline,CA,L3SULEV30,California LEV-III SULEV30,JHNXV01.5362,midsize car,7,32,42,36,8,Yes
HONDA Civic 4Dr,1.5,4,CVT,2WD,Gasoline,FA,T3B30,Federal Tier 3 Bin 30,JHNXV01.5362,midsize car,7,32,42,36,8,Yes
HONDA Civic 4Dr,1.5,4,CVT,2WD,Gasoline,CA,L3ULEV125,California LEV-III ULEV125,JHNXV01.5TH2,midsize car,3,32,42,36,8,Yes
HONDA Civic 4Dr,1.5,4,CVT,2WD,Gasoline,FA,T3B125,Federal Tier 3 Bin 125,JHNXV01.5TH2,midsize car,3,32,42,36,8,Yes
HONDA Civic 4Dr,1.5,4,Man-6,2WD,Gasoline,CA,L3ULEV125,California LEV-III ULEV125,JHNXV01.5TH2,midsize car,3,31,42,35,8,Yes
HONDA Civic 4Dr,1.5,4,Man-6,2WD,Gasoline,FA,T3B125,Federal Tier 3 Bin 125,JHNXV01.5TH2,midsize car,3,31,42,35,8,Yes
HONDA Civic 4Dr,1.5,4,Man-6,2WD,Gasoline,CA,L3ULEV125,California LEV-III ULEV125,JHNXV01.5VH3,midsize car,3,28,38,32,7,Yes
HONDA Civic 4Dr,1.5,4,Man-6,2WD,Gasoline,FA,T3B125,Federal Tier 3 Bin 125,JHNXV01.5VH3,midsize car,3,28,38,32,7,Yes
HONDA Civic 4Dr,2,4,CVT,2WD,Gasoline,CA,L3SULEV30,California LEV-III SULEV30,JHNXV02.0C63,midsize car,7,31,40,34,8,Yes
HONDA Civic 4Dr,2,4,CVT,2WD,Gasoline,FA,T3B30,Federal Tier 3 Bin 30,JHNXV02.0C63,midsize car,7,31,40,34,8,Yes
HONDA Civic 4Dr,2,4,CVT,2WD,Gasoline,CA,L3ULEV125,California LEV-III ULEV125,JHNXV02.0DH3,midsize car,3,31,40,34,8,Yes
HONDA Civic 4Dr,2,4,CVT,2WD,Gasoline,FA,T3B125,Federal Tier 3 Bin 125,JHNXV02.0DH3,midsize car,3,31,40,34,8,Yes
HONDA Civic 4Dr,2,4,Man-6,2WD,Gasoline,CA,L3ULEV125,California LEV-III ULEV125,JHNXV02.0DH3,midsize car,3,28,40,32,7,Yes
HONDA Civic 4Dr,2,4,Man-6,2WD,Gasoline,FA,T3B125,Federal Tier 3 Bin 125,JHNXV02.0DH3,midsize car,3,28,40,32,7,Yes
HONDA Civic 5Dr,1.5,4,CVT,2WD,Gasoline,CA,L3SULEV30,California LEV-III SULEV30,JHNXV01.5362,large car,7,31,40,34,8,Yes
HONDA Civic 5Dr,1.5,4,CVT,2WD,Gasoline,FA,T3B30,Federal Tier 3 Bin 30,JHNXV01.5362,large car,7,31,40,34,8,Yes
HONDA Civic 5Dr,1.5,4,CVT,2WD,Gasoline,CA,L3ULEV125,California LEV-III ULEV125,JHNXV01.5TH2,large car,3,31,40,34,8,Yes
HONDA Civic 5Dr,1.5,4,CVT,2WD,Gasoline,FA,T3B125,Federal Tier 3 Bin 125,JHNXV01.5TH2,large car,3,31,40,34,8,Yes
HONDA Civic 5Dr,1.5,4,Man-6,2WD,Gasoline,CA,L3ULEV125,California LEV-III ULEV125,JHNXV01.5TH2,large car,3,29,38,33,8,Yes
HONDA Civic 5Dr,1.5,4,Man-6,2WD,Gasoline,FA,T3B125,Federal Tier 3 Bin 125,JHNXV01.5TH2,large car,3,29,38,33,8,Yes
HONDA Civic 5Dr,1.5,4,SCV-7,2WD,Gasoline,CA,L3SULEV30,California LEV-III SULEV30,JHNXV01.5362,large car,7,30,36,32,7,Yes
HONDA Civic 5Dr,1.5,4,SCV-7,2WD,Gasoline,FA,T3B30,Federal Tier 3 Bin 30,JHNXV01.5362,large car,7,30,36,32,7,Yes
HONDA Civic 5Dr,1.5,4,SCV-7,2WD,Gasoline,CA,L3ULEV125,California LEV-III ULEV125,JHNXV01.5TH2,large car,3,30,36,32,7,Yes
HONDA Civic 5Dr,1.5,4,SCV-7,2WD,Gasoline,FA,T3B125,Federal Tier 3 Bin 125,JHNXV01.5TH2,large car,3,30,36,32,7,Yes
HONDA Clarity,1.5,4,CVT,2WD,Gasoline/Electricity,CA,L3SULEV20,California LEV-III SULEV20,JHNXV01.5DL2,midsize car,8,44/117,40/102,42/110,10,Elite
HONDA Clarity,1.5,4,CVT,2WD,Gasoline/Electricity,FA,T3B20,Federal Tier 3 Bin 20,JHNXV01.5DL2,midsize car,8,44/117,40/102,42/110,10,Elite
HONDA Clarity,N/A,N/A,Auto-1,2WD,Electricity,FA,T3B0,Federal Tier 3 Bin 0,JHNXV00.0BE9,midsize car,10,126,103,114,10,Elite
HONDA Clarity,N/A,N/A,Auto-1,2WD,Electricity,CA,ZEV,California ZEV,JHNXV00.0BE9,midsize car,10,126,103,114,10,Elite
HONDA Clarity,N/A,N/A,Auto-1,2WD,Hydrogen,FA,T3B0,Federal Tier 3 Bin 0,JHNXV00.0AE9,midsize car,10,69,67,68,10,Elite
HONDA Clarity,N/A,N/A,Auto-1,2WD,Hydrogen,CA,ZEV,California ZEV,JHNXV00.0AE9,midsize car,10,69,67,68,10,Elite
HONDA Fit,1.5,4,CVT,2WD,Gasoline,CA,L3SULEV30,California LEV-III SULEV30,JHNXV01.5YK2,station wagon,7,33,40,36,8,Yes
HONDA Fit,1.5,4,CVT,2WD,Gasoline,FA,T3B30,Federal Tier 3 Bin 30,JHNXV01.5YK2,station wagon,7,33,40,36,8,Yes
HONDA Fit,1.5,4,Man-6,2WD,Gasoline,CA,L3ULEV125,California LEV-III ULEV125,JHNXV01.5KH2,station wagon,3,29,36,31,7,Yes
HONDA Fit,1.5,4,Man-6,2WD,Gasoline,CA,T3B125,Federal Tier 3 Bin 125,JHNXV01.5KH2,station wagon,3,29,36,31,7,Yes
HONDA Fit,1.5,4,Man-6,2WD,Gasoline,FA,T3B125,Federal Tier 3 Bin 125,JHNXV01.5KH2,station wagon,3,29,36,31,7,Yes
HONDA Fit,1.5,4,SCV-7,2WD,Gasoline,CA,L3SULEV30,California LEV-III SULEV30,JHNXV01.5YK2,station wagon,7,31,36,33,8,Yes
HONDA Fit,1.5,4,SCV-7,2WD,Gasoline,FA,T3B30,Federal Tier 3 Bin 30,JHNXV01.5YK2,station wagon,7,31,36,33,8,Yes
HONDA HR-V,1.8,4,CVT,2WD,Gasoline,FA,T3B125,Federal Tier 3 Bin 125,JHNXV01.8HA3,station wagon,3,28,34,31,7,Yes
HONDA HR-V,1.8,4,CVT,2WD,Gasoline,CA,U2,California LEV-II ULEV,JHNXV01.8HA3,station wagon,3,28,34,31,7,Yes
HONDA HR-V,1.8,4,SCV-7,2WD,Gasoline,FA,T3B125,Federal Tier 3 Bin 125,JHNXV01.8HA3,station wagon,3,28,34,31,7,Yes
HONDA HR-V,1.8,4,SCV-7,2WD,Gasoline,CA,U2,California LEV-II ULEV,JHNXV01.8HA3,station wagon,3,28,34,31,7,Yes
HYUNDAI Accent,1.6,4,Man-6,2WD,Gasoline,CA,L3ULEV125,California LEV-III ULEV125,JKMXV01.6DA6,small car,3,28,37,31,7,Yes
HYUNDAI Accent,1.6,4,Man-6,2WD,Gasoline,FA,T3B125,Federal Tier 3 Bin 125,JKMXV01.6DA6,small car,3,28,37,31,7,Yes
HYUNDAI Accent,1.6,4,SemiAuto-6,2WD,Gasoline,CA,L3ULEV125,California LEV-III ULEV125,JKMXV01.6DA6,small car,3,28,38,32,7,Yes
HYUNDAI Accent,1.6,4,SemiAuto-6,2WD,Gasoline,FA,T3B125,Federal Tier 3 Bin 125,JKMXV01.6DA6,small car,3,28,38,32,7,Yes
HYUNDAI Elantra,1.4,4,AutoMan-7,2WD,Gasoline,CA,L3ULEV125,California LEV-III ULEV125,JHYXV01.41D6,midsize car,3,32,40,35,8,Yes
HYUNDAI Elantra,1.4,4,AutoMan-7,2WD,Gasoline,FA,T3B125,Federal Tier 3 Bin 125,JHYXV01.41D6,midsize car,3,32,40,35,8,Yes
HYUNDAI Elantra,2,4,SemiAuto-6,2WD,Gasoline,CA,L3SULEV30,California LEV-III SULEV30,JHYXV02.01E3,midsize car,7,28,37,32,7,Yes
HYUNDAI Elantra,2,4,SemiAuto-6,2WD,Gasoline,FA,T3B30,Federal Tier 3 Bin 30,JHYXV02.01E3,midsize car,7,28,37,32,7,Yes
HYUNDAI Elantra,2,4,SemiAuto-6,2WD,Gasoline,CA,L3ULEV70,California LEV-III ULEV70,JHYXV02.01E5,midsize car,5,28,37,32,7,Yes
HYUNDAI Elantra,2,4,SemiAuto-6,2WD,Gasoline,FA,T3B70,Federal Tier 3 Bin 70,JHYXV02.01E5,midsize car,5,28,37,32,7,Yes
HYUNDAI Elantra SE,2,4,SemiAuto-6,2WD,Gasoline,CA,L3SULEV30,California LEV-III SULEV30,JHYXV02.01E3,midsize car,7,29,38,33,8,Yes
HYUNDAI Elantra SE,2,4,SemiAuto-6,2WD,Gasoline,FA,T3B30,Federal Tier 3 Bin 30,JHYXV02.01E3,midsize car,7,29,38,33,8,Yes
HYUNDAI Elantra SE,2,4,SemiAuto-6,2WD,Gasoline,CA,L3ULEV70,California LEV-III ULEV70,JHYXV02.01E5,midsize car,5,29,38,33,8,Yes
HYUNDAI Elantra SE,2,4,SemiAuto-6,2WD,Gasoline,FA,T3B70,Federal Tier 3 Bin 70,JHYXV02.01E5,midsize car,5,29,38,33,8,Yes
HYUNDAI Ioniq,1.6,4,AutoMan-6,2WD,Gasoline,CA,L3SULEV30,California LEV-III SULEV30,JKMXV01.6D43,large car,7,55,54,55,10,Elite
HYUNDAI Ioniq,1.6,4,AutoMan-6,2WD,Gasoline,FA,T3B30,Federal Tier 3 Bin 30,JKMXV01.6D43,large car,7,55,54,55,10,Elite
HYUNDAI Ioniq Blue,1.6,4,AutoMan-6,2WD,Gasoline,CA,L3SULEV30,California LEV-III SULEV30,JKMXV01.6D43,large car,7,57,59,58,10,Elite
HYUNDAI Ioniq Blue,1.6,4,AutoMan-6,2WD,Gasoline,FA,T3B30,Federal Tier 3 Bin 30,JKMXV01.6D43,large car,7,57,59,58,10,Elite
HYUNDAI Ioniq Electric,N/A,N/A,Auto-1,2WD,Electricity,FA,T3B0,Federal Tier 3 Bin 0,JHYXV00.0151,midsize car,10,150,122,136,10,Elite
HYUNDAI Ioniq Electric,N/A,N/A,Auto-1,2WD,Electricity,CA,ZEV,California ZEV,JHYXV00.0151,midsize car,10,150,122,136,10,Elite
HYUNDAI Ioniq Plug-in Hybrid,1.6,4,AutoMan-6,2WD,Gasoline/Electricity,CA,L3SULEV30,California LEV-III SULEV30,JHYXV01.616T,midsize car,7,53/123,52/114,52/119,10,Elite
HYUNDAI Ioniq Plug-in Hybrid,1.6,4,AutoMan-6,2WD,Gasoline/Electricity,FA,T3B30,Federal Tier 3 Bin 30,JHYXV01.616T,midsize car,7,53/123,52/114,52/119,10,Elite
HYUNDAI Kona,1.6,4,AutoMan-7,2WD,Gasoline,CA,L3ULEV70,California LEV-III ULEV70,JHYXV01.61Y5,small SUV,5,28,32,30,7,Yes
HYUNDAI Kona,1.6,4,AutoMan-7,2WD,Gasoline,FA,T3B70,Federal Tier 3 Bin 70,JHYXV01.61Y5,small SUV,5,28,32,30,7,Yes
HYUNDAI Kona,2,4,SemiAuto-6,2WD,Gasoline,CA,L3ULEV70,California LEV-III ULEV70,JHYXV02.01Z5,small SUV,5,27,33,30,7,Yes
HYUNDAI Kona,2,4,SemiAuto-6,2WD,Gasoline,FA,T3B70,Federal Tier 3 Bin 70,JHYXV02.01Z5,small SUV,5,27,33,30,7,Yes
HYUNDAI Sonata,1.6,4,AutoMan-7,2WD,Gasoline,CA,L3ULEV70,California LEV-III ULEV70,JHYXV01.61F5,large car,5,28,37,31,7,Yes
HYUNDAI Sonata,1.6,4,AutoMan-7,2WD,Gasoline,FA,T3B70,Federal Tier 3 Bin 70,JHYXV01.61F5,large car,5,28,37,31,7,Yes
HYUNDAI Sonata Hybrid,2,4,AutoMan-6,2WD,Gasoline,CA,L3SULEV30,California LEV-III SULEV30,JHYXV02.0113,midsize car,7,39,44,41,9,Yes
HYUNDAI Sonata Hybrid,2,4,AutoMan-6,2WD,Gasoline,FA,T3B30,Federal Tier 3 Bin 30,JHYXV02.0113,midsize car,7,39,44,41,9,Yes
HYUNDAI Sonata Hybrid SE,2,4,AutoMan-6,2WD,Gasoline,CA,L3SULEV30,California LEV-III SULEV30,JHYXV02.0113,midsize car,7,40,46,42,9,Yes
HYUNDAI Sonata Hybrid SE,2,4,AutoMan-6,2WD,Gasoline,FA,T3B30,Federal Tier 3 Bin 30,JHYXV02.0113,midsize car,7,40,46,42,9,Yes
HYUNDAI Sonata plug-in hybrid,2,4,AutoMan-6,2WD,Gasoline/Electricity,CA,L3SULEV30,California LEV-III SULEV30,JHYXV02.012T,midsize car,7,37/99,42/100,39/99,10,Elite
HYUNDAI Sonata plug-in hybrid,2,4,AutoMan-6,2WD,Gasoline/Electricity,FA,T3B30,Federal Tier 3 Bin 30,JHYXV02.012T,midsize car,7,37/99,42/100,39/99,10,Elite
INFINITI Q70 Hybrid,3.5,6,SemiAuto-7,2WD,Gasoline,FA,T3B125,Federal Tier 3 Bin 125,JNSXV03.5NCB,midsize car,3,28,33,30,7,Yes
INFINITI Q70 Hybrid,3.5,6,SemiAuto-7,2WD,Gasoline,CA,U2,California LEV-II ULEV,JNSXV03.5NCB,midsize car,3,28,33,30,7,Yes
KIA Forte,2,4,SemiAuto-6,2WD,Gasoline,CA,L3SULEV30,California LEV-III SULEV30,JKMXV02.04E3,midsize car,7,29,37,32,7,Yes
KIA Forte,2,4,SemiAuto-6,2WD,Gasoline,FA,T3B30,Federal Tier 3 Bin 30,JKMXV02.04E3,midsize car,7,29,37,32,7,Yes
KIA Forte,2,4,SemiAuto-6,2WD,Gasoline,CA,L3ULEV70,California LEV-III ULEV70,JKMXV02.04E5,midsize car,5,29,37,32,7,Yes
KIA Forte,2,4,SemiAuto-6,2WD,Gasoline,FA,T3B70,Federal Tier 3 Bin 70,JKMXV02.04E5,midsize car,5,29,37,32,7,Yes
KIA Niro,1.6,4,AutoMan-6,2WD,Gasoline,CA,L3SULEV30,California LEV-III SULEV30,JKMXV01.6D43,station wagon,7,51,46,49,10,Elite
KIA Niro,1.6,4,AutoMan-6,2WD,Gasoline,FA,T3B30,Federal Tier 3 Bin 30,JKMXV01.6D43,station wagon,7,51,46,49,10,Elite
KIA Niro FE,1.6,4,AutoMan-6,2WD,Gasoline,CA,L3SULEV30,California LEV-III SULEV30,JKMXV01.6D43,station wagon,7,52,49,50,10,Elite
KIA Niro FE,1.6,4,AutoMan-6,2WD,Gasoline,FA,T3B30,Federal Tier 3 Bin 30,JKMXV01.6D43,station wagon,7,52,49,50,10,Elite
KIA Niro Plug-in Hybrid,1.6,4,AutoMan-6,2WD,Gasoline/Electricity,CA,L3SULEV30,California LEV-III SULEV30,JKMXV01.645T,station wagon,7,48/110,44/99,46/105,10,Elite
KIA Niro Plug-in Hybrid,1.6,4,AutoMan-6,2WD,Gasoline/Electricity,FA,T3B30,Federal Tier 3 Bin 30,JKMXV01.645T,station wagon,7,48/110,44/99,46/105,10,Elite
KIA Niro Touring,1.6,4,AutoMan-6,2WD,Gasoline,CA,L3SULEV30,California LEV-III SULEV30,JKMXV01.6D43,station wagon,7,46,40,43,9,Yes
KIA Niro Touring,1.6,4,AutoMan-6,2WD,Gasoline,FA,T3B30,Federal Tier 3 Bin 30,JKMXV01.6D43,station wagon,7,46,40,43,9,Yes
KIA Optima,1.6,4,AutoMan-7,2WD,Gasoline,FA,T3B125,Federal Tier 3 Bin 125,JKMXV01.64VF,large car,3,28,37,31,7,Yes
KIA Optima,1.6,4,AutoMan-7,2WD,Gasoline,CA,U2,California LEV-II ULEV,JKMXV01.64VF,large car,3,28,37,31,7,Yes
KIA Optima Hybrid,2,4,AutoMan-6,2WD,Gasoline,CA,L3ULEV125,California LEV-III ULEV125,JKMXV02.0426,midsize car,3,39,46,42,9,Yes
KIA Optima Hybrid,2,4,AutoMan-6,2WD,Gasoline,FA,T3B125,Federal Tier 3 Bin 125,JKMXV02.0426,midsize car,3,39,46,42,9,Yes
KIA Optima plug-in hybrid,2,4,AutoMan-6,2WD,Gasoline/Electricity,CA,L3SULEV30,California LEV-III SULEV30,JKMXV02.043T,midsize car,7,38/103,43/104,40/103,10,Elite
KIA Optima plug-in hybrid,2,4,AutoMan-6,2WD,Gasoline/Electricity,FA,T3B30,Federal Tier 3 Bin 30,JKMXV02.043T,midsize car,7,38/103,43/104,40/103,10,Elite
KIA Rio,1.6,4,Man-6,2WD,Gasoline,CA,L3ULEV125,California LEV-III ULEV125,JKMXV01.6DA6,small car,3,29,37,32,7,Yes
KIA Rio,1.6,4,Man-6,2WD,Gasoline,FA,T3B125,Federal Tier 3 Bin 125,JKMXV01.6DA6,small car,3,29,37,32,7,Yes
KIA Rio,1.6,4,SemiAuto-6,2WD,Gasoline,CA,L3ULEV125,California LEV-III ULEV125,JKMXV01.6DA6,small car,3,28,37,32,7,Yes
KIA Rio,1.6,4,SemiAuto-6,2WD,Gasoline,FA,T3B125,Federal Tier 3 Bin 125,JKMXV01.6DA6,small car,3,28,37,32,7,Yes
KIA Soul Electric,N/A,N/A,Auto-1,2WD,Electricity,FA,T3B0,Federal Tier 3 Bin 0,JKMXV00.0411,station wagon,10,124,93,108,10,Elite
KIA Soul Electric,N/A,N/A,Auto-1,2WD,Electricity,CA,ZEV,California ZEV,JKMXV00.0411,station wagon,10,124,93,108,10,Elite
LEXUS ES 300h,2.5,4,SCV-6,2WD,Gasoline,CA,L3SULEV30,California LEV-III SULEV30,JTYXV02.5P34,midsize car,7,40,39,40,9,Yes
LEXUS ES 300h,2.5,4,SCV-6,2WD,Gasoline,FA,T3B30,Federal Tier 3 Bin 30,JTYXV02.5P34,midsize car,7,40,39,40,9,Yes
LEXUS GS 450h,3.5,6,SCV-8,2WD,Gasoline,CA,L3SULEV30,California LEV-III SULEV30,JTYXV03.5P34,midsize car,7,29,34,31,7,Yes
LEXUS GS 450h,3.5,6,SCV-8,2WD,Gasoline,FA,T3B30,Federal Tier 3 Bin 30,JTYXV03.5P34,midsize car,7,29,34,31,7,Yes
LEXUS LC 500h,3.5,6,SCV-10,2WD,Gasoline,CA,L3SULEV30,California LEV-III SULEV30,JTYXV03.5P35,small car,7,26,35,30,7,Yes
LEXUS LC 500h,3.5,6,SCV-10,2WD,Gasoline,FA,T3B30,Federal Tier 3 Bin 30,JTYXV03.5P35,small car,7,26,35,30,7,Yes
LEXUS NX 300h,2.5,4,SCV-6,4WD,Gasoline,CA,L3SULEV30,California LEV-III SULEV30,JTYXT02.5P3M,small SUV,7,33,30,31,7,Yes
LEXUS NX 300h,2.5,4,SCV-6,4WD,Gasoline,FA,T3B30,Federal Tier 3 Bin 30,JTYXT02.5P3M,small SUV,7,33,30,31,7,Yes
LEXUS RX 450h,3.5,6,SCV-6,4WD,Gasoline,CA,L3SULEV30,California LEV-III SULEV30,JTYXT03.5P34,standard SUV,7,31,28,30,7,Yes
LEXUS RX 450h,3.5,6,SCV-6,4WD,Gasoline,FA,T3B30,Federal Tier 3 Bin 30,JTYXT03.5P34,standard SUV,7,31,28,30,7,Yes
LINCOLN MKZ Hybrid,2,4,CVT,2WD,Gasoline,CA,L3SULEV30,California LEV-III SULEV30,JFMXV02.0VZT,midsize car,7,41,38,40,9,Yes
LINCOLN MKZ Hybrid,2,4,CVT,2WD,Gasoline,FA,T3B30,Federal Tier 3 Bin 30,JFMXV02.0VZT,midsize car,7,41,38,40,9,Yes
MAZDA 2,1.5,4,Man-6,2WD,Gasoline,CA,L2ULEV125,California LEV-II ULEV125,JTKXV01.5FBA,small car,3,30,39,34,8,Yes
MAZDA 2,1.5,4,Man-6,2WD,Gasoline,FA,T3B125,Federal Tier 3 Bin 125,JTKXV01.5FBA,small car,3,30,39,34,8,Yes
MAZDA 2,1.5,4,SemiAuto-6,2WD,Gasoline,CA,L2ULEV125,California LEV-II ULEV125,JTKXV01.5FBA,small car,3,32,40,35,8,Yes
MAZDA 2,1.5,4,SemiAuto-6,2WD,Gasoline,FA,T3B125,Federal Tier 3 Bin 125,JTKXV01.5FBA,small car,3,32,40,35,8,Yes
MAZDA 3,2,4,Man-6,2WD,Gasoline,CA,L3SULEV30,California LEV-III SULEV30,JTKXV02.0CDA,midsize car,7,27,37,31,7,Yes
MAZDA 3,2,4,Man-6,2WD,Gasoline,CA,L3SULEV30,California LEV-III SULEV30,JTKXV02.0CDA,small car,7,28,38,31,7,Yes
MAZDA 3,2,4,Man-6,2WD,Gasoline,FA,T3B30,Federal Tier 3 Bin 30,JTKXV02.0CDA,midsize car,7,27,37,31,7,Yes
MAZDA 3,2,4,Man-6,2WD,Gasoline,FA,T3B30,Federal Tier 3 Bin 30,JTKXV02.0CDA,small car,7,28,38,31,7,Yes
MAZDA 3,2,4,SemiAuto-6,2WD,Gasoline,CA,L3SULEV30,California LEV-III SULEV30,JTKXV02.0CDA,midsize car,7,28,37,32,7,Yes
MAZDA 3,2,4,SemiAuto-6,2WD,Gasoline,CA,L3SULEV30,California LEV-III SULEV30,JTKXV02.0CDA,small car,7,28,37,31,7,Yes
MAZDA 3,2,4,SemiAuto-6,2WD,Gasoline,FA,T3B30,Federal Tier 3 Bin 30,JTKXV02.0CDA,midsize car,7,28,37,32,7,Yes
MAZDA 3,2,4,SemiAuto-6,2WD,Gasoline,FA,T3B30,Federal Tier 3 Bin 30,JTKXV02.0CDA,small car,7,28,37,31,7,Yes
MAZDA 3,2.5,4,SemiAuto-6,2WD,Gasoline,CA,L3SULEV30,California LEV-III SULEV30,JTKXV02.5CDB,midsize car,7,26,35,30,7,Yes
MAZDA 3,2.5,4,SemiAuto-6,2WD,Gasoline,CA,L3SULEV30,California LEV-III SULEV30,JTKXV02.5CDB,small car,7,27,36,30,7,Yes
MAZDA 3,2.5,4,SemiAuto-6,2WD,Gasoline,FA,T3B30,Federal Tier 3 Bin 30,JTKXV02.5CDB,midsize car,7,26,35,30,7,Yes
MAZDA 3,2.5,4,SemiAuto-6,2WD,Gasoline,FA,T3B30,Federal Tier 3 Bin 30,JTKXV02.5CDB,small car,7,27,36,30,7,Yes
MAZDA CX-3,2,4,SemiAuto-6,2WD,Gasoline,CA,L2ULEV125,California LEV-II ULEV125,JTKXV02.5FBA,small car,3,29,34,31,7,Yes
MAZDA CX-3,2,4,SemiAuto-6,2WD,Gasoline,FA,T3B125,Federal Tier 3 Bin 125,JTKXV02.5FBA,small car,3,29,34,31,7,Yes
MERCEDES-BENZ C350e,2,4,Auto-7,2WD,Gasoline/Electricity,CA,L3SULEV30,California LEV-III SULEV30,JMBXJ02.0HY1,small car,7,28/45,32/61,30/51,9,Yes
MERCEDES-BENZ C350e,2,4,Auto-7,2WD,Gasoline/Electricity,FA,T3B30,Federal Tier 3 Bin 30,JMBXJ02.0HY1,small car,7,28/45,32/61,30/51,9,Yes
MERCEDES-BENZ GLC 350e 4Matic,2,4,Auto-7,4WD,Gasoline/Electricity,CA,L3SULEV30,California LEV-III SULEV30,JMBXJ02.0HY1,small SUV,7,24/55,27/57,25/56,9,Yes
MERCEDES-BENZ GLC 350e 4Matic,2,4,Auto-7,4WD,Gasoline/Electricity,FA,T3B30,Federal Tier 3 Bin 30,JMBXJ02.0HY1,small SUV,7,24/55,27/57,25/56,9,Yes
MERCEDES-BENZ GLE550e 4Matic,3,6,Auto-7,4WD,Gasoline/Electricity,CA,L3ULEV50,California LEV-III ULEV50,JMBXT03.0HY1,standard SUV,6,20/38,23/50,21/43,7,Yes
MERCEDES-BENZ GLE550e 4Matic,3,6,Auto-7,4WD,Gasoline/Electricity,FA,T3B50,Federal Tier 3 Bin 50,JMBXT03.0HY1,standard SUV,6,20/38,23/50,21/43,7,Yes
MINI Cooper Convertible,1.5,3,Man-6,2WD,Gasoline,CA,L3SULEV30,California LEV-III SULEV30,JBMXV01.5M36,small car,7,28,37,32,7,Yes
MINI Cooper Convertible,1.5,3,Man-6,2WD,Gasoline,FA,T3B30,Federal Tier 3 Bin 30,JBMXV01.5M36,small car,7,28,37,32,7,Yes
MINI Cooper Convertible,1.5,3,SemiAuto-6,2WD,Gasoline,CA,L3SULEV30,California LEV-III SULEV30,JBMXV01.5M36,small car,7,27,35,30,7,Yes
MINI Cooper Convertible,1.5,3,SemiAuto-6,2WD,Gasoline,FA,T3B30,Federal Tier 3 Bin 30,JBMXV01.5M36,small car,7,27,35,30,7,Yes
MINI Cooper Hardtop,1.5,3,Man-6,2WD,Gasoline,CA,L3SULEV30,California LEV-III SULEV30,JBMXV01.5M36,small car,7,28,37,32,7,Yes
MINI Cooper Hardtop,1.5,3,Man-6,2WD,Gasoline,CA,L3SULEV30,California LEV-III SULEV30,JBMXV01.5M36,small car,7,28,38,32,7,Yes
MINI Cooper Hardtop,1.5,3,Man-6,2WD,Gasoline,FA,T3B30,Federal Tier 3 Bin 30,JBMXV01.5M36,small car,7,28,37,32,7,Yes
MINI Cooper Hardtop,1.5,3,Man-6,2WD,Gasoline,FA,T3B30,Federal Tier 3 Bin 30,JBMXV01.5M36,small car,7,28,38,32,7,Yes
MINI Cooper Hardtop,1.5,3,SemiAuto-6,2WD,Gasoline,CA,L3SULEV30,California LEV-III SULEV30,JBMXV01.5M36,small car,7,27,35,30,7,Yes
MINI Cooper Hardtop,1.5,3,SemiAuto-6,2WD,Gasoline,FA,T3B30,Federal Tier 3 Bin 30,JBMXV01.5M36,small car,7,27,35,30,7,Yes
MINI Cooper SE Countryman All4,1.5,3,SemiAuto-6,4WD,Gasoline/Electricity,FA,T3B125,Federal Tier 3 Bin 125,JBMXV01.5H60,midsize car,3,28/63,27/66,27/65,9,Yes
MINI Cooper SE Countryman All4,1.5,3,SemiAuto-6,4WD,Gasoline/Electricity,CA,U2,California LEV-II ULEV,JBMXV01.5H60,midsize car,3,28/63,27/66,27/65,9,Yes
MITSUBISHI Mirage,1.2,3,CVT,2WD,Gasoline,CA,L3ULEV70,California LEV-III ULEV70,JMTXV01.2G5P,small car,5,37,43,39,9,Yes
MITSUBISHI Mirage,1.2,3,CVT,2WD,Gasoline,FA,T3B70,Federal Tier 3 Bin 70,JMTXV01.2G5P,small car,5,37,43,39,9,Yes
MITSUBISHI Mirage,1.2,3,Man-5,2WD,Gasoline,CA,L3ULEV70,California LEV-III ULEV70,JMTXV01.2G5P,small car,5,33,41,36,8,Yes
MITSUBISHI Mirage,1.2,3,Man-5,2WD,Gasoline,FA,T3B70,Federal Tier 3 Bin 70,JMTXV01.2G5P,small car,5,33,41,36,8,Yes
MITSUBISHI Mirage G4,1.2,3,CVT,2WD,Gasoline,CA,L3ULEV70,California LEV-III ULEV70,JMTXV01.2G5P,small car,5,35,41,37,8,Yes
MITSUBISHI Mirage G4,1.2,3,CVT,2WD,Gasoline,FA,T3B70,Federal Tier 3 Bin 70,JMTXV01.2G5P,small car,5,35,41,37,8,Yes
MITSUBISHI Mirage G4,1.2,3,Man-5,2WD,Gasoline,CA,L3ULEV70,California LEV-III ULEV70,JMTXV01.2G5P,small car,5,33,40,35,8,Yes
MITSUBISHI Mirage G4,1.2,3,Man-5,2WD,Gasoline,FA,T3B70,Federal Tier 3 Bin 70,JMTXV01.2G5P,small car,5,33,40,35,8,Yes
MITSUBISHI Outlander PHEV,2,4,Auto-1,4WD,Gasoline/Electricity,CA,L3SULEV30,California LEV-III SULEV30,JMTXT02.0H3M,small SUV,7,25/78,26/70,25/74,10,Elite
MITSUBISHI Outlander PHEV,2,4,Auto-1,4WD,Gasoline/Electricity,FA,T3B30,Federal Tier 3 Bin 30,JMTXT02.0H3M,small SUV,7,25/78,26/70,25/74,10,Elite
NISSAN Altima,2.5,4,CVT,2WD,Gasoline,CA,L3SULEV30,California LEV-III SULEV30,JNSXV02.5R5A,midsize car,7,27,38,31,7,Yes
NISSAN Altima,2.5,4,CVT,2WD,Gasoline,FA,T3B30,Federal Tier 3 Bin 30,JNSXV02.5R5A,midsize car,7,27,38,31,7,Yes
NISSAN Altima SR,2.5,4,SCV-7,2WD,Gasoline,CA,L3SULEV30,California LEV-III SULEV30,JNSXV02.5R5A,midsize car,7,26,37,30,7,Yes
NISSAN Altima SR,2.5,4,SCV-7,2WD,Gasoline,FA,T3B30,Federal Tier 3 Bin 30,JNSXV02.5R5A,midsize car,7,26,37,30,7,Yes
NISSAN Kicks,1.6,4,CVT,2WD,Gasoline,CA,L3SULEV30,California LEV-III SULEV30,JNSXV01.6RNA,midsize car,7,31,36,33,8,Yes
NISSAN Kicks,1.6,4,CVT,2WD,Gasoline,FA,T3B30,Federal Tier 3 Bin 30,JNSXV01.6RNA,midsize car,7,31,36,33,8,Yes
NISSAN Leaf,N/A,N/A,Auto-1,2WD,Electricity,FA,T3B0,Federal Tier 3 Bin 0,JNSXV0000TLA,midsize car,10,125,100,112,10,Elite
NISSAN Leaf,N/A,N/A,Auto-1,2WD,Electricity,CA,ZEV,California ZEV,JNSXV0000TLA,midsize car,10,125,100,112,10,Elite
NISSAN Rogue Hybrid,2,4,SCV-7,2WD,Gasoline,FA,T3B125,Federal Tier 3 Bin 125,JNSXT02.0NGA,small SUV,3,33,35,34,8,Yes
NISSAN Rogue Hybrid,2,4,SCV-7,2WD,Gasoline,CA,U2,California LEV-II ULEV,JNSXT02.0NGA,small SUV,3,33,35,34,8,Yes
NISSAN Rogue Hybrid,2,4,SCV-7,4WD,Gasoline,FA,T3B125,Federal Tier 3 Bin 125,JNSXT02.0NGA,small SUV,3,31,34,33,8,Yes
NISSAN Rogue Hybrid,2,4,SCV-7,4WD,Gasoline,CA,U2,California LEV-II ULEV,JNSXT02.0NGA,small SUV,3,31,34,33,8,Yes
NISSAN Sentra,1.8,4,CVT,2WD,Gasoline,CA,L3SULEV30,California LEV-III SULEV30,JNSXV01.8R1A,midsize car,7,29,37,32,7,Yes
NISSAN Sentra,1.8,4,CVT,2WD,Gasoline,FA,T3B30,Federal Tier 3 Bin 30,JNSXV01.8R1A,midsize car,7,29,37,32,7,Yes
NISSAN Versa,1.6,4,CVT,2WD,Gasoline,CA,L3ULEV125,California LEV-III ULEV125,JNSXV01.6N4A,small car,3,31,39,34,8,Yes
NISSAN Versa,1.6,4,CVT,2WD,Gasoline,FA,T3B125,Federal Tier 3 Bin 125,JNSXV01.6N4A,small car,3,31,39,34,8,Yes
NISSAN Versa,1.6,4,CVT,2WD,Gasoline,CA,L3ULEV70,California LEV-III ULEV70,JNSXV01.6P4A,small car,5,31,39,34,8,Yes
NISSAN Versa,1.6,4,CVT,2WD,Gasoline,FA,T3B70,Federal Tier 3 Bin 70,JNSXV01.6P4A,small car,5,31,39,34,8,Yes
NISSAN Versa,1.6,4,Man-5,2WD,Gasoline,CA,L3ULEV125,California LEV-III ULEV125,JNSXV01.6N4A,small car,3,27,36,30,7,Yes
NISSAN Versa,1.6,4,Man-5,2WD,Gasoline,FA,T3B125,Federal Tier 3 Bin 125,JNSXV01.6N4A,small car,3,27,36,30,7,Yes
NISSAN Versa,1.6,4,Man-5,2WD,Gasoline,CA,L3ULEV70,California LEV-III ULEV70,JNSXV01.6P4A,small car,5,27,36,30,7,Yes
NISSAN Versa,1.6,4,Man-5,2WD,Gasoline,FA,T3B70,Federal Tier 3 Bin 70,JNSXV01.6P4A,small car,5,27,36,30,7,Yes
PORSCHE Cayenne S e-Hybrid,3,6,AutoMan-8,4WD,Gasoline/Electricity,CA,L3ULEV125,California LEV-III ULEV125,JPRXT03.0PHV,standard SUV,3,21/47,24/46,22/47,8,Yes
PORSCHE Cayenne S e-Hybrid,3,6,AutoMan-8,4WD,Gasoline/Electricity,FA,T3B125,Federal Tier 3 Bin 125,JPRXT03.0PHV,standard SUV,3,21/47,24/46,22/47,8,Yes
PORSCHE Panamera 4 e-Hybrid,2.9,6,AMS-8,4WD,Gasoline/Electricity,CA,L3ULEV70,California LEV-III ULEV70,JPRXV02.9PH6,large car,5,20/40,25/57,22/46,8,Yes
PORSCHE Panamera 4 e-Hybrid,2.9,6,AMS-8,4WD,Gasoline/Electricity,FA,T3B70,Federal Tier 3 Bin 70,JPRXV02.9PH6,large car,5,20/40,25/57,22/46,8,Yes
PORSCHE Panamera 4 e-Hybrid Executive,2.9,6,AMS-8,4WD,Gasoline/Electricity,CA,L3ULEV70,California LEV-III ULEV70,JPRXV02.9PH6,large car,5,20/40,25/57,22/46,8,Yes
PORSCHE Panamera 4 e-Hybrid Executive,2.9,6,AMS-8,4WD,Gasoline/Electricity,FA,T3B70,Federal Tier 3 Bin 70,JPRXV02.9PH6,large car,5,20/40,25/57,22/46,8,Yes
PORSCHE Panamera 4 e-Hybrid ST,2.9,6,AMS-8,4WD,Gasoline/Electricity,CA,L3ULEV70,California LEV-III ULEV70,JPRXV02.9PH6,large car,5,20/40,25/57,22/46,8,Yes
PORSCHE Panamera 4 e-Hybrid ST,2.9,6,AMS-8,4WD,Gasoline/Electricity,FA,T3B70,Federal Tier 3 Bin 70,JPRXV02.9PH6,large car,5,20/40,25/57,22/46,8,Yes
PORSCHE Panamera Turbo S e-Hybrid,4,8,AMS-8,4WD,Gasoline/Electricity,CA,L3ULEV125,California LEV-III ULEV125,JPRXV04.0PH8,large car,3,19/48,23/51,21/49,7,Yes
PORSCHE Panamera Turbo S e-Hybrid,4,8,AMS-8,4WD,Gasoline/Electricity,FA,T3B125,Federal Tier 3 Bin 125,JPRXV04.0PH8,large car,3,19/48,23/51,21/49,7,Yes
PORSCHE Panamera Turbo S e-Hybrid Exec,4,8,AMS-8,4WD,Gasoline/Electricity,CA,L3ULEV125,California LEV-III ULEV125,JPRXV04.0PH8,large car,3,19/48,23/51,21/49,7,Yes
PORSCHE Panamera Turbo S e-Hybrid Exec,4,8,AMS-8,4WD,Gasoline/Electricity,FA,T3B125,Federal Tier 3 Bin 125,JPRXV04.0PH8,large car,3,19/48,23/51,21/49,7,Yes
PORSCHE Panamera Turbo S e-Hybrid ST,4,8,AMS-8,4WD,Gasoline/Electricity,CA,L3ULEV125,California LEV-III ULEV125,JPRXV04.0PH8,large car,3,19/48,23/51,21/49,7,Yes
PORSCHE Panamera Turbo S e-Hybrid ST,4,8,AMS-8,4WD,Gasoline/Electricity,FA,T3B125,Federal Tier 3 Bin 125,JPRXV04.0PH8,large car,3,19/48,23/51,21/49,7,Yes
SMART ForTwo ed,N/A,N/A,Auto-1,2WD,Electricity,FA,T3B0,Federal Tier 3 Bin 0,JMBXV00.0ED1,small car,10,124,94,108,10,Elite
SMART ForTwo ed,N/A,N/A,Auto-1,2WD,Electricity,CA,ZEV,California ZEV,JMBXV00.0ED1,small car,10,124,94,108,10,Elite
SMART ForTwo ed,N/A,N/A,Auto-1,2WD,Electricity,FA,T3B0,Federal Tier 3 Bin 0,JMBXV00.0ED2,small car,10,112,91,102,10,Elite
SMART ForTwo ed,N/A,N/A,Auto-1,2WD,Electricity,CA,ZEV,California ZEV,JMBXV00.0ED2,small car,10,112,91,102,10,Elite
SUBARU Impreza,2,4,SCV-7,4WD,Gasoline,CA,L3SULEV30,California LEV-III SULEV30,JFJXJ02.0BUY,midsize car,7,28,38,32,7,Yes
SUBARU Impreza,2,4,SCV-7,4WD,Gasoline,CA,L3SULEV30,California LEV-III SULEV30,JFJXJ02.0BUY,station wagon,7,28,37,31,7,Yes
SUBARU Impreza,2,4,SCV-7,4WD,Gasoline,FA,T3B50,Federal Tier 3 Bin 50,JFJXJ02.0BUY,midsize car,6,28,38,32,7,Yes
SUBARU Impreza,2,4,SCV-7,4WD,Gasoline,FA,T3B50,Federal Tier 3 Bin 50,JFJXJ02.0BUY,station wagon,6,28,37,31,7,Yes
SUBARU Impreza Sport,2,4,SCV-7,4WD,Gasoline,CA,L3SULEV30,California LEV-III SULEV30,JFJXJ02.0BUY,midsize car,7,27,36,30,7,Yes
SUBARU Impreza Sport,2,4,SCV-7,4WD,Gasoline,CA,L3SULEV30,California LEV-III SULEV30,JFJXJ02.0BUY,station wagon,7,27,35,30,7,Yes
SUBARU Impreza Sport,2,4,SCV-7,4WD,Gasoline,FA,T3B50,Federal Tier 3 Bin 50,JFJXJ02.0BUY,midsize car,6,27,36,30,7,Yes
SUBARU Impreza Sport,2,4,SCV-7,4WD,Gasoline,FA,T3B50,Federal Tier 3 Bin 50,JFJXJ02.0BUY,station wagon,6,27,35,30,7,Yes
TESLA Model 3 Long Range,N/A,N/A,Auto-1,4WD,Electricity,FA,T3B0,Federal Tier 3 Bin 0,JTSLV00.0L23,midsize car,10,120,112,116,10,Elite
TESLA Model 3 Long Range,N/A,N/A,Auto-1,4WD,Electricity,CA,ZEV,California ZEV,JTSLV00.0L23,midsize car,10,120,112,116,10,Elite
TESLA Model 3 Long Range Performance,N/A,N/A,Auto-1,4WD,Electricity,FA,T3B0,Federal Tier 3 Bin 0,JTSLV00.0L23,midsize car,10,120,112,116,10,Elite
TESLA Model 3 Long Range Performance,N/A,N/A,Auto-1,4WD,Electricity,CA,ZEV,California ZEV,JTSLV00.0L23,midsize car,10,120,112,116,10,Elite
TESLA Model 3 Mid Range,N/A,N/A,Auto-1,2WD,Electricity,FA,T3B0,Federal Tier 3 Bin 0,JTSLV00.0L13,midsize car,10,128,117,123,10,Elite
TESLA Model 3 Mid Range,N/A,N/A,Auto-1,2WD,Electricity,CA,ZEV,California ZEV,JTSLV00.0L13,midsize car,10,128,117,123,10,Elite
TESLA Model 4 Long Range,N/A,N/A,Auto-1,2WD,Electricity,FA,T3B0,Federal Tier 3 Bin 0,JTSLV00.0L13,midsize car,10,136,123,130,10,Elite
TESLA Model 4 Long Range,N/A,N/A,Auto-1,2WD,Electricity,CA,ZEV,California ZEV,JTSLV00.0L13,midsize car,10,136,123,130,10,Elite
TESLA Model S 100D,N/A,N/A,Auto-1,4WD,Electricity,FA,T3B0,Federal Tier 3 Bin 0,JTSLV00.0L2S,large car,10,101,102,102,10,Elite
TESLA Model S 100D,N/A,N/A,Auto-1,4WD,Electricity,CA,ZEV,California ZEV,JTSLV00.0L2S,large car,10,101,102,102,10,Elite
TESLA Model S 75D,N/A,N/A,Auto-1,4WD,Electricity,FA,T3B0,Federal Tier 3 Bin 0,JTSLV00.0L2S,large car,10,102,105,103,10,Elite
TESLA Model S 75D,N/A,N/A,Auto-1,4WD,Electricity,CA,ZEV,California ZEV,JTSLV00.0L2S,large car,10,102,105,103,10,Elite
TESLA Model S 75kWh,N/A,N/A,Auto-1,2WD,Electricity,FA,T3B0,Federal Tier 3 Bin 0,JTSLV00.0L1S,large car,10,97,100,98,10,Elite
TESLA Model S 75kWh,N/A,N/A,Auto-1,2WD,Electricity,CA,ZEV,California ZEV,JTSLV00.0L1S,large car,10,97,100,98,10,Elite
TESLA Model S P100D,N/A,N/A,Auto-1,4WD,Electricity,FA,T3B0,Federal Tier 3 Bin 0,JTSLV00.0L2S,large car,10,92,105,98,10,Elite
TESLA Model S P100D,N/A,N/A,Auto-1,4WD,Electricity,CA,ZEV,California ZEV,JTSLV00.0L2S,large car,10,92,105,98,10,Elite
TESLA Model X 100D,N/A,N/A,Auto-1,4WD,Electricity,FA,T3B0,Federal Tier 3 Bin 0,JTSLV00.0L2X,standard SUV,10,86,89,87,10,Elite
TESLA Model X 100D,N/A,N/A,Auto-1,4WD,Electricity,CA,ZEV,California ZEV,JTSLV00.0L2X,standard SUV,10,86,89,87,10,Elite
TESLA Model X 75D,N/A,N/A,Auto-1,4WD,Electricity,FA,T3B0,Federal Tier 3 Bin 0,JTSLV00.0L2X,standard SUV,10,91,95,93,10,Elite
TESLA Model X 75D,N/A,N/A,Auto-1,4WD,Electricity,CA,ZEV,California ZEV,JTSLV00.0L2X,standard SUV,10,91,95,93,10,Elite
TESLA Model X P100D,N/A,N/A,Auto-1,4WD,Electricity,FA,T3B0,Federal Tier 3 Bin 0,JTSLV00.0L2X,standard SUV,10,83,89,85,10,Elite
TESLA Model X P100D,N/A,N/A,Auto-1,4WD,Electricity,CA,ZEV,California ZEV,JTSLV00.0L2X,standard SUV,10,83,89,85,10,Elite
TOYOTA Avalon Hybrid,2.5,4,SCV-6,2WD,Gasoline,CA,L3SULEV30,California LEV-III SULEV30,JTYXV02.5P34,midsize car,7,40,39,40,9,Yes
TOYOTA Avalon Hybrid,2.5,4,SCV-6,2WD,Gasoline,FA,T3B30,Federal Tier 3 Bin 30,JTYXV02.5P34,midsize car,7,40,39,40,9,Yes
TOYOTA Camry,2.5,4,SemiAuto-8,2WD,Gasoline,CA,L3SULEV30,California LEV-III SULEV30,JTYXV02.5P3A,midsize car,7,29,41,34,8,Yes
TOYOTA Camry,2.5,4,SemiAuto-8,2WD,Gasoline,FA,T3B30,Federal Tier 3 Bin 30,JTYXV02.5P3A,midsize car,7,29,41,34,8,Yes
TOYOTA Camry Hybrid LE,2.5,4,SCV-6,2WD,Gasoline,CA,L3SULEV30,California LEV-III SULEV30,JTYXV02.5P35,midsize car,7,51,53,52,10,Elite
TOYOTA Camry Hybrid LE,2.5,4,SCV-6,2WD,Gasoline,FA,T3B30,Federal Tier 3 Bin 30,JTYXV02.5P35,midsize car,7,51,53,52,10,Elite
TOYOTA Camry Hybrid XLE/SE,2.5,4,SCV-6,2WD,Gasoline,CA,L3SULEV30,California LEV-III SULEV30,JTYXV02.5P33,midsize car,7,44,47,46,10,Elite
TOYOTA Camry Hybrid XLE/SE,2.5,4,SCV-6,2WD,Gasoline,FA,T3B30,Federal Tier 3 Bin 30,JTYXV02.5P33,midsize car,7,44,47,46,10,Elite
TOYOTA Camry LE/SE,2.5,4,SemiAuto-8,2WD,Gasoline,CA,L3SULEV30,California LEV-III SULEV30,JTYXV02.5P3A,midsize car,7,28,39,32,7,Yes
TOYOTA Camry LE/SE,2.5,4,SemiAuto-8,2WD,Gasoline,FA,T3B30,Federal Tier 3 Bin 30,JTYXV02.5P3A,midsize car,7,28,39,32,7,Yes
TOYOTA Camry XLE/XSE,2.5,4,SemiAuto-8,2WD,Gasoline,CA,L3SULEV30,California LEV-III SULEV30,JTYXV02.5P3A,midsize car,7,28,39,32,7,Yes
TOYOTA Camry XLE/XSE,2.5,4,SemiAuto-8,2WD,Gasoline,FA,T3B30,Federal Tier 3 Bin 30,JTYXV02.5P3A,midsize car,7,28,39,32,7,Yes
TOYOTA Corolla,1.8,4,CVT,2WD,Gasoline,FA,T3B125,Federal Tier 3 Bin 125,JTYXV01.8B6A,midsize car,3,28,36,32,7,Yes
TOYOTA Corolla,1.8,4,CVT,2WD,Gasoline,CA,U2,California LEV-II ULEV,JTYXV01.8B6A,midsize car,3,28,36,32,7,Yes
TOYOTA Corolla,1.8,4,Man-6,2WD,Gasoline,FA,T3B125,Federal Tier 3 Bin 125,JTYXV01.8B6A,midsize car,3,27,35,30,7,Yes
TOYOTA Corolla,1.8,4,Man-6,2WD,Gasoline,CA,U2,California LEV-II ULEV,JTYXV01.8B6A,midsize car,3,27,35,30,7,Yes
TOYOTA Corolla,1.8,4,SCV-7,2WD,Gasoline,FA,T3B125,Federal Tier 3 Bin 125,JTYXV01.8B6A,midsize car,3,28,35,31,7,Yes
TOYOTA Corolla,1.8,4,SCV-7,2WD,Gasoline,CA,U2,California LEV-II ULEV,JTYXV01.8B6A,midsize car,3,28,35,31,7,Yes
TOYOTA Corolla LE Eco,1.8,4,CVT,2WD,Gasoline,CA,L3ULEV70,California LEV-III ULEV70,JTYXV01.8M5B,midsize car,5,29,38,33,8,Yes
TOYOTA Corolla LE Eco,1.8,4,CVT,2WD,Gasoline,CA,L3ULEV70,California LEV-III ULEV70,JTYXV01.8M5B,midsize car,5,30,40,34,8,Yes
TOYOTA Corolla LE Eco,1.8,4,CVT,2WD,Gasoline,FA,T3B70,Federal Tier 3 Bin 70,JTYXV01.8M5B,midsize car,5,29,38,33,8,Yes
TOYOTA Corolla LE Eco,1.8,4,CVT,2WD,Gasoline,FA,T3B70,Federal Tier 3 Bin 70,JTYXV01.8M5B,midsize car,5,30,40,34,8,Yes
TOYOTA Corolla iM,1.8,4,Man-6,2WD,Gasoline,CA,L3ULEV70,California LEV-III ULEV70,JTYXV01.8M5B,midsize car,5,27,35,30,7,Yes
TOYOTA Corolla iM,1.8,4,Man-6,2WD,Gasoline,FA,T3B70,Federal Tier 3 Bin 70,JTYXV01.8M5B,midsize car,5,27,35,30,7,Yes
TOYOTA Corolla iM,1.8,4,SCV-7,2WD,Gasoline,CA,L3ULEV70,California LEV-III ULEV70,JTYXV01.8M5B,midsize car,5,28,36,31,7,Yes
TOYOTA Corolla iM,1.8,4,SCV-7,2WD,Gasoline,FA,T3B70,Federal Tier 3 Bin 70,JTYXV01.8M5B,midsize car,5,28,36,31,7,Yes
TOYOTA Mirai,N/A,N/A,CVT,2WD,Hydrogen,FA,T3B0,Federal Tier 3 Bin 0,JTYXV00.0DA7,small car,10,67,67,67,10,Elite
TOYOTA Mirai,N/A,N/A,CVT,2WD,Hydrogen,CA,ZEV,California ZEV,JTYXV00.0DA7,small car,10,67,67,67,10,Elite
TOYOTA Prius,1.8,4,CVT,2WD,Gasoline,CA,L3SULEV30,California LEV-III SULEV30,JTYXV01.8P33,midsize car,7,54,50,52,10,Elite
TOYOTA Prius,1.8,4,CVT,2WD,Gasoline,FA,T3B30,Federal Tier 3 Bin 30,JTYXV01.8P33,midsize car,7,54,50,52,10,Elite
TOYOTA Prius,1.8,4,CVT,2WD,Gasoline,CA,L3SULEV30,California LEV-III SULEV30,JTYXV01.8P34,midsize car,7,54,50,52,10,Elite
TOYOTA Prius,1.8,4,CVT,2WD,Gasoline,FA,T3B30,Federal Tier 3 Bin 30,JTYXV01.8P34,midsize car,7,54,50,52,10,Elite
TOYOTA Prius Eco,1.8,4,CVT,2WD,Gasoline,CA,L3SULEV30,California LEV-III SULEV30,JTYXV01.8P34,midsize car,7,58,53,56,10,Elite
TOYOTA Prius Eco,1.8,4,CVT,2WD,Gasoline,FA,T3B30,Federal Tier 3 Bin 30,JTYXV01.8P34,midsize car,7,58,53,56,10,Elite
TOYOTA Prius Prime,1.8,4,CVT,2WD,Gasoline/Electricity,CA,L3SULEV30,California LEV-III SULEV30,JTYXV01.8P35,midsize car,7,55/145,53/121,54/133,10,Elite
TOYOTA Prius Prime,1.8,4,CVT,2WD,Gasoline/Electricity,FA,T3B30,Federal Tier 3 Bin 30,JTYXV01.8P35,midsize car,7,55/145,53/121,54/133,10,Elite
TOYOTA Prius c,1.5,4,CVT,2WD,Gasoline,CA,L3SULEV30,California LEV-III SULEV30,JTYXV01.5P34,small car,7,48,43,46,10,Elite
TOYOTA Prius c,1.5,4,CVT,2WD,Gasoline,FA,T3B30,Federal Tier 3 Bin 30,JTYXV01.5P34,small car,7,48,43,46,10,Elite
TOYOTA RAV4 Hybrid,2.5,4,SCV-6,4WD,Gasoline,CA,L3SULEV30,California LEV-III SULEV30,JTYXT02.5P3M,small SUV,7,34,30,32,7,Yes
TOYOTA RAV4 Hybrid,2.5,4,SCV-6,4WD,Gasoline,FA,T3B30,Federal Tier 3 Bin 30,JTYXT02.5P3M,small SUV,7,34,30,32,7,Yes
TOYOTA Yaris,1.5,4,Auto-4,2WD,Gasoline,FA,T3B125,Federal Tier 3 Bin 125,JTYXV01.5B6B,small car,3,30,35,32,7,Yes
TOYOTA Yaris,1.5,4,Auto-4,2WD,Gasoline,CA,U2,California LEV-II ULEV,JTYXV01.5B6B,small car,3,30,35,32,7,Yes
TOYOTA Yaris,1.5,4,Man-5,2WD,Gasoline,FA,T3B125,Federal Tier 3 Bin 125,JTYXV01.5B6B,small car,3,30,36,33,8,Yes
TOYOTA Yaris,1.5,4,Man-5,2WD,Gasoline,CA,U2,California LEV-II ULEV,JTYXV01.5B6B,small car,3,30,36,33,8,Yes
TOYOTA Yaris iA,1.5,4,Man-6,2WD,Gasoline,CA,L2ULEV125,California LEV-II ULEV125,JTYXV01.5F6A,small car,3,30,39,34,8,Yes
TOYOTA Yaris iA,1.5,4,Man-6,2WD,Gasoline,FA,T3B125,Federal Tier 3 Bin 125,JTYXV01.5F6A,small car,3,30,39,34,8,Yes
TOYOTA Yaris iA,1.5,4,SemiAuto-6,2WD,Gasoline,CA,L2ULEV125,California LEV-II ULEV125,JTYXV01.5F6A,small car,3,32,40,35,8,Yes
TOYOTA Yaris iA,1.5,4,SemiAuto-6,2WD,Gasoline,FA,T3B125,Federal Tier 3 Bin 125,JTYXV01.5F6A,small car,3,32,40,35,8,Yes
VOLKSWAGEN Jetta,1.4,4,Man-5,2WD,Gasoline,FA,T3B125,Federal Tier 3 Bin 125,JVGAV01.4VUP,small car,3,28,40,33,8,Yes
VOLKSWAGEN Jetta,1.4,4,Man-5,2WD,Gasoline,CA,U2,California LEV-II ULEV,JVGAV01.4VUP,small car,3,28,40,33,8,Yes
VOLKSWAGEN Jetta,1.4,4,SemiAuto-6,2WD,Gasoline,CA,L3ULEV70,California LEV-III ULEV70,JVGAV01.4V7P,small car,5,28,38,32,7,Yes
VOLKSWAGEN Jetta,1.4,4,SemiAuto-6,2WD,Gasoline,FA,T3B70,Federal Tier 3 Bin 70,JVGAV01.4V7P,small car,5,28,38,32,7,Yes
VOLKSWAGEN e-Golf,N/A,N/A,Auto-1,2WD,Electricity,FA,T3B0,Federal Tier 3 Bin 0,JVGAV00.0VZZ,small car,10,126,111,119,10,Elite
VOLVO S90,2,4,SemiAuto-8,4WD,Gasoline/Electricity,CA,L3SULEV30,California LEV-III SULEV30,JVVXV02.0P30,midsize car,7,26/70,33/72,29/71,10,Elite
VOLVO S90,2,4,SemiAuto-8,4WD,Gasoline/Electricity,FA,T3B30,Federal Tier 3 Bin 30,JVVXV02.0P30,midsize car,7,26/70,33/72,29/71,10,Elite
VOLVO XC60,2,4,SemiAuto-8,4WD,Gasoline/Electricity,CA,L3SULEV30,California LEV-III SULEV30,JVVXJ02.0P30,small SUV,7,26/60,28/58,26/59,10,Elite
VOLVO XC60,2,4,SemiAuto-8,4WD,Gasoline/Electricity,FA,T3B30,Federal Tier 3 Bin 30,JVVXJ02.0P30,small SUV,7,26/60,28/58,26/59,10,Elite
VOLVO XC90,2,4,SemiAuto-8,4WD,Gasoline/Electricity,CA,L3SULEV30,California LEV-III SULEV30,JVVXJ02.0P30,standard SUV,7,26/63,30/61,27/62,10,Elite
VOLVO XC90,2,4,SemiAuto-8,4WD,Gasoline/Electricity,FA,T3B30,Federal Tier 3 Bin 30,JVVXJ02.0P30,standard SUV,7,26/63,30/61,27/62,10,Elite
