model_2008,displ_2008,cyl_2008,trans_2008,drive_2008,fuel_2008,veh_class_2008,smog_ratin_2008,city_mpg_2008,hwy_mpg_2008,cmb_mpg_2008,greenhouse_2008,smartway_2008,model,displ,cyl,trans,drive,fuel,veh_class,smog_rating,city_mpg,hwy_mpg,cmb_mpg,greenhouse_gas_score,smartway
CHEVROLET Malibu,3.5,6,Auto-L4,2WD,Gasoline,midsize car,7.0,18.0,29.0,22.0,6,yes,CHEVROLET Malibu,1.5,4,Auto-6,2WD,Gasoline,midsize car,6.0,27.0,36.0,30.0,7,Yes
CHEVROLET Malibu,3.5,6,Auto-L4,2WD,Gasoline,midsize car,7.0,18.0,29.0,22.0,6,yes,CHEVROLET Malibu,1.5,4,Auto-6,2WD,Gasoline,midsize car,7.0,27.0,36.0,30.0,7,Yes
CHEVROLET Malibu,3.5,6,Auto-L4,2WD,Gasoline,midsize car,7.0,18.0,29.0,22.0,6,yes,CHEVROLET Malibu,1.8,4,CVT,2WD,Gasoline,midsize car,3.0,49.0,43.0,46.0,10,Yes
CHEVROLET Malibu,2.4,4,Auto-L4,2WD,Gasoline,midsize car,6.0,22.0,30.0,25.0,7,yes,CHEVROLET Malibu,1.5,4,Auto-6,2WD,Gasoline,midsize car,6.0,27.0,36.0,30.0,7,Yes
CHEVROLET Malibu,2.4,4,Auto-L4,2WD,Gasoline,midsize car,6.0,22.0,30.0,25.0,7,yes,CHEVROLET Malibu,1.5,4,Auto-6,2WD,Gasoline,midsize car,7.0,27.0,36.0,30.0,7,Yes
CHEVROLET Malibu,2.4,4,Auto-L4,2WD,Gasoline,midsize car,6.0,22.0,30.0,25.0,7,yes,CHEVROLET Malibu,1.8,4,CVT,2WD,Gasoline,midsize car,3.0,49.0,43.0,46.0,10,Yes
FORD Focus,2.0,4,Auto-L4,2WD,Gasoline,small car,9.5,24.0,33.0,28.0,8,yes,FORD Focus,1.0,3,Man-6,2WD,Gasoline,small car,3.0,30.0,40.0,34.0,8,Yes
FORD Focus,2.0,4,Auto-L4,2WD,Gasoline,small car,9.5,24.0,33.0,28.0,8,yes,FORD Focus,1.0,3,SemiAuto-6,2WD,Gasoline,small car,3.0,27.0,38.0,31.0,7,Yes
FORD Focus,2.0,4,Auto-L4,2WD,Gasoline,small car,9.5,24.0,33.0,28.0,8,yes,FORD Focus,2.0,4,AutoMan-6,2WD,Gasoline,small car,7.0,26.0,38.0,31.0,7,Yes
FORD Focus,2.0,4,Man-5,2WD,Gasoline,small car,9.5,24.0,35.0,28.0,8,yes,FORD Focus,1.0,3,Man-6,2WD,Gasoline,small car,3.0,30.0,40.0,34.0,8,Yes
FORD Focus,2.0,4,Man-5,2WD,Gasoline,small car,9.5,24.0,35.0,28.0,8,yes,FORD Focus,1.0,3,SemiAuto-6,2WD,Gasoline,small car,3.0,27.0,38.0,31.0,7,Yes
FORD Focus,2.0,4,Man-5,2WD,Gasoline,small car,9.5,24.0,35.0,28.0,8,yes,FORD Focus,2.0,4,AutoMan-6,2WD,Gasoline,small car,7.0,26.0,38.0,31.0,7,Yes
HONDA Accord,2.4,4,Auto-L5,2WD,Gasoline,large car,9.5,21.0,31.0,24.0,7,yes,HONDA Accord,1.5,4,CVT,2WD,Gasoline,large car,7.0,30.0,38.0,33.0,8,Yes
HONDA Accord,2.4,4,Auto-L5,2WD,Gasoline,large car,9.5,21.0,31.0,24.0,7,yes,HONDA Accord,1.5,4,Man-6,2WD,Gasoline,large car,6.0,26.0,35.0,30.0,7,Yes
HONDA Accord,2.4,4,Auto-L5,2WD,Gasoline,large car,9.5,21.0,31.0,24.0,7,yes,HONDA Accord,1.5,4,SCV-7,2WD,Gasoline,large car,7.0,29.0,35.0,31.0,7,Yes
HONDA Accord,2.4,4,Auto-L5,2WD,Gasoline,large car,9.5,21.0,31.0,24.0,7,yes,HONDA Accord,2.0,4,CVT,2WD,Gasoline,large car,7.0,47.0,47.0,47.0,10,Elite
HONDA Accord,2.4,4,Auto-L5,2WD,Gasoline,small car,9.5,21.0,30.0,24.0,7,yes,HONDA Accord,1.5,4,CVT,2WD,Gasoline,large car,7.0,30.0,38.0,33.0,8,Yes
HONDA Accord,2.4,4,Auto-L5,2WD,Gasoline,small car,9.5,21.0,30.0,24.0,7,yes,HONDA Accord,1.5,4,Man-6,2WD,Gasoline,large car,6.0,26.0,35.0,30.0,7,Yes
HONDA Accord,2.4,4,Auto-L5,2WD,Gasoline,small car,9.5,21.0,30.0,24.0,7,yes,HONDA Accord,1.5,4,SCV-7,2WD,Gasoline,large car,7.0,29.0,35.0,31.0,7,Yes
HONDA Accord,2.4,4,Auto-L5,2WD,Gasoline,small car,9.5,21.0,30.0,24.0,7,yes,HONDA Accord,2.0,4,CVT,2WD,Gasoline,large car,7.0,47.0,47.0,47.0,10,Elite
HONDA Accord,3.5,6,Auto-L5,2WD,Gasoline,large car,9.5,19.0,29.0,22.0,6,yes,HONDA Accord,1.5,4,CVT,2WD,Gasoline,large car,7.0,30.0,38.0,33.0,8,Yes
HONDA Accord,3.5,6,Auto-L5,2WD,Gasoline,large car,9.5,19.0,29.0,22.0,6,yes,HONDA Accord,1.5,4,Man-6,2WD,Gasoline,large car,6.0,26.0,35.0,30.0,7,Yes
HONDA Accord,3.5,6,Auto-L5,2WD,Gasoline,large car,9.5,19.0,29.0,22.0,6,yes,HONDA Accord,1.5,4,SCV-7,2WD,Gasoline,large car,7.0,29.0,35.0,31.0,7,Yes
HONDA Accord,3.5,6,Auto-L5,2WD,Gasoline,large car,9.5,19.0,29.0,22.0,6,yes,HONDA Accord,2.0,4,CVT,2WD,Gasoline,large car,7.0,47.0,47.0,47.0,10,Elite
HONDA Accord,3.5,6,Auto-L5,2WD,Gasoline,small car,9.5,19.0,28.0,22.0,6,yes,HONDA Accord,1.5,4,CVT,2WD,Gasoline,large car,7.0,30.0,38.0,33.0,8,Yes
HONDA Accord,3.5,6,Auto-L5,2WD,Gasoline,small car,9.5,19.0,28.0,22.0,6,yes,HONDA Accord,1.5,4,Man-6,2WD,Gasoline,large car,6.0,26.0,35.0,30.0,7,Yes
HONDA Accord,3.5,6,Auto-L5,2WD,Gasoline,small car,9.5,19.0,28.0,22.0,6,yes,HONDA Accord,1.5,4,SCV-7,2WD,Gasoline,large car,7.0,29.0,35.0,31.0,7,Yes
HONDA Accord,3.5,6,Auto-L5,2WD,Gasoline,small car,9.5,19.0,28.0,22.0,6,yes,HONDA Accord,2.0,4,CVT,2WD,Gasoline,large car,7.0,47.0,47.0,47.0,10,Elite
HONDA Accord,2.4,4,Auto-L5,2WD,Gasoline,large car,7.0,21.0,31.0,24.0,7,yes,HONDA Accord,1.5,4,CVT,2WD,Gasoline,large car,7.0,30.0,38.0,33.0,8,Yes
HONDA Accord,2.4,4,Auto-L5,2WD,Gasoline,large car,7.0,21.0,31.0,24.0,7,yes,HONDA Accord,1.5,4,Man-6,2WD,Gasoline,large car,6.0,26.0,35.0,30.0,7,Yes
HONDA Accord,2.4,4,Auto-L5,2WD,Gasoline,large car,7.0,21.0,31.0,24.0,7,yes,HONDA Accord,1.5,4,SCV-7,2WD,Gasoline,large car,7.0,29.0,35.0,31.0,7,Yes
HONDA Accord,2.4,4,Auto-L5,2WD,Gasoline,large car,7.0,21.0,31.0,24.0,7,yes,HONDA Accord,2.0,4,CVT,2WD,Gasoline,large car,7.0,47.0,47.0,47.0,10,Elite
HONDA Accord,2.4,4,Man-5,2WD,Gasoline,large car,7.0,22.0,31.0,25.0,7,yes,HONDA Accord,1.5,4,CVT,2WD,Gasoline,large car,7.0,30.0,38.0,33.0,8,Yes
HONDA Accord,2.4,4,Man-5,2WD,Gasoline,large car,7.0,22.0,31.0,25.0,7,yes,HONDA Accord,1.5,4,Man-6,2WD,Gasoline,large car,6.0,26.0,35.0,30.0,7,Yes
HONDA Accord,2.4,4,Man-5,2WD,Gasoline,large car,7.0,22.0,31.0,25.0,7,yes,HONDA Accord,1.5,4,SCV-7,2WD,Gasoline,large car,7.0,29.0,35.0,31.0,7,Yes
HONDA Accord,2.4,4,Man-5,2WD,Gasoline,large car,7.0,22.0,31.0,25.0,7,yes,HONDA Accord,2.0,4,CVT,2WD,Gasoline,large car,7.0,47.0,47.0,47.0,10,Elite
HONDA Accord,2.4,4,Auto-L5,2WD,Gasoline,small car,7.0,21.0,30.0,24.0,7,yes,HONDA Accord,1.5,4,CVT,2WD,Gasoline,large car,7.0,30.0,38.0,33.0,8,Yes
HONDA Accord,2.4,4,Auto-L5,2WD,Gasoline,small car,7.0,21.0,30.0,24.0,7,yes,HONDA Accord,1.5,4,Man-6,2WD,Gasoline,large car,6.0,26.0,35.0,30.0,7,Yes
HONDA Accord,2.4,4,Auto-L5,2WD,Gasoline,small car,7.0,21.0,30.0,24.0,7,yes,HONDA Accord,1.5,4,SCV-7,2WD,Gasoline,large car,7.0,29.0,35.0,31.0,7,Yes
HONDA Accord,2.4,4,Auto-L5,2WD,Gasoline,small car,7.0,21.0,30.0,24.0,7,yes,HONDA Accord,2.0,4,CVT,2WD,Gasoline,large car,7.0,47.0,47.0,47.0,10,Elite
HONDA Accord,2.4,4,Man-5,2WD,Gasoline,small car,7.0,22.0,31.0,25.0,7,yes,HONDA Accord,1.5,4,CVT,2WD,Gasoline,large car,7.0,30.0,38.0,33.0,8,Yes
HONDA Accord,2.4,4,Man-5,2WD,Gasoline,small car,7.0,22.0,31.0,25.0,7,yes,HONDA Accord,1.5,4,Man-6,2WD,Gasoline,large car,6.0,26.0,35.0,30.0,7,Yes
HONDA Accord,2.4,4,Man-5,2WD,Gasoline,small car,7.0,22.0,31.0,25.0,7,yes,HONDA Accord,1.5,4,SCV-7,2WD,Gasoline,large car,7.0,29.0,35.0,31.0,7,Yes
HONDA Accord,2.4,4,Man-5,2WD,Gasoline,small car,7.0,22.0,31.0,25.0,7,yes,HONDA Accord,2.0,4,CVT,2WD,Gasoline,large car,7.0,47.0,47.0,47.0,10,Elite
HONDA Accord,3.5,6,Auto-L5,2WD,Gasoline,large car,7.0,19.0,29.0,22.0,6,yes,HONDA Accord,1.5,4,CVT,2WD,Gasoline,large car,7.0,30.0,38.0,33.0,8,Yes
HONDA Accord,3.5,6,Auto-L5,2WD,Gasoline,large car,7.0,19.0,29.0,22.0,6,yes,HONDA Accord,1.5,4,Man-6,2WD,Gasoline,large car,6.0,26.0,35.0,30.0,7,Yes
HONDA Accord,3.5,6,Auto-L5,2WD,Gasoline,large car,7.0,19.0,29.0,22.0,6,yes,HONDA Accord,1.5,4,SCV-7,2WD,Gasoline,large car,7.0,29.0,35.0,31.0,7,Yes
HONDA Accord,3.5,6,Auto-L5,2WD,Gasoline,large car,7.0,19.0,29.0,22.0,6,yes,HONDA Accord,2.0,4,CVT,2WD,Gasoline,large car,7.0,47.0,47.0,47.0,10,Elite
HONDA Accord,3.5,6,Man-6,2WD,Gasoline,small car,7.0,17.0,25.0,20.0,6,yes,HONDA Accord,1.5,4,CVT,2WD,Gasoline,large car,7.0,30.0,38.0,33.0,8,Yes
HONDA Accord,3.5,6,Man-6,2WD,Gasoline,small car,7.0,17.0,25.0,20.0,6,yes,HONDA Accord,1.5,4,Man-6,2WD,Gasoline,large car,6.0,26.0,35.0,30.0,7,Yes
HONDA Accord,3.5,6,Man-6,2WD,Gasoline,small car,7.0,17.0,25.0,20.0,6,yes,HONDA Accord,1.5,4,SCV-7,2WD,Gasoline,large car,7.0,29.0,35.0,31.0,7,Yes
HONDA Accord,3.5,6,Man-6,2WD,Gasoline,small car,7.0,17.0,25.0,20.0,6,yes,HONDA Accord,2.0,4,CVT,2WD,Gasoline,large car,7.0,47.0,47.0,47.0,10,Elite
HONDA Accord,3.5,6,Auto-L5,2WD,Gasoline,small car,7.0,19.0,28.0,22.0,6,yes,HONDA Accord,1.5,4,CVT,2WD,Gasoline,large car,7.0,30.0,38.0,33.0,8,Yes
HONDA Accord,3.5,6,Auto-L5,2WD,Gasoline,small car,7.0,19.0,28.0,22.0,6,yes,HONDA Accord,1.5,4,Man-6,2WD,Gasoline,large car,6.0,26.0,35.0,30.0,7,Yes
HONDA Accord,3.5,6,Auto-L5,2WD,Gasoline,small car,7.0,19.0,28.0,22.0,6,yes,HONDA Accord,1.5,4,SCV-7,2WD,Gasoline,large car,7.0,29.0,35.0,31.0,7,Yes
HONDA Accord,3.5,6,Auto-L5,2WD,Gasoline,small car,7.0,19.0,28.0,22.0,6,yes,HONDA Accord,2.0,4,CVT,2WD,Gasoline,large car,7.0,47.0,47.0,47.0,10,Elite
HONDA CR-V,2.4,4,Auto-L5,2WD,Gasoline,SUV,7.0,20.0,27.0,23.0,7,yes,HONDA CR-V,1.5,4,CVT,2WD,Gasoline,small SUV,5.0,28.0,34.0,30.0,7,Yes
HONDA CR-V,2.4,4,Auto-L5,4WD,Gasoline,SUV,7.0,20.0,26.0,22.0,6,yes,HONDA CR-V,1.5,4,CVT,2WD,Gasoline,small SUV,5.0,28.0,34.0,30.0,7,Yes
HONDA Fit,1.5,4,Auto-S5,2WD,Gasoline,station wagon,6.0,27.0,33.0,29.0,8,yes,HONDA Fit,1.5,4,CVT,2WD,Gasoline,station wagon,7.0,33.0,40.0,36.0,8,Yes
HONDA Fit,1.5,4,Auto-S5,2WD,Gasoline,station wagon,6.0,27.0,33.0,29.0,8,yes,HONDA Fit,1.5,4,Man-6,2WD,Gasoline,station wagon,3.0,29.0,36.0,31.0,7,Yes
HONDA Fit,1.5,4,Auto-S5,2WD,Gasoline,station wagon,6.0,27.0,33.0,29.0,8,yes,HONDA Fit,1.5,4,SCV-7,2WD,Gasoline,station wagon,7.0,31.0,36.0,33.0,8,Yes
HONDA Fit,1.5,4,Auto-L5,2WD,Gasoline,station wagon,6.0,27.0,34.0,30.0,8,yes,HONDA Fit,1.5,4,CVT,2WD,Gasoline,station wagon,7.0,33.0,40.0,36.0,8,Yes
HONDA Fit,1.5,4,Auto-L5,2WD,Gasoline,station wagon,6.0,27.0,34.0,30.0,8,yes,HONDA Fit,1.5,4,Man-6,2WD,Gasoline,station wagon,3.0,29.0,36.0,31.0,7,Yes
HONDA Fit,1.5,4,Auto-L5,2WD,Gasoline,station wagon,6.0,27.0,34.0,30.0,8,yes,HONDA Fit,1.5,4,SCV-7,2WD,Gasoline,station wagon,7.0,31.0,36.0,33.0,8,Yes
HONDA Fit,1.5,4,Man-5,2WD,Gasoline,station wagon,6.0,28.0,34.0,31.0,9,yes,HONDA Fit,1.5,4,CVT,2WD,Gasoline,station wagon,7.0,33.0,40.0,36.0,8,Yes
HONDA Fit,1.5,4,Man-5,2WD,Gasoline,station wagon,6.0,28.0,34.0,31.0,9,yes,HONDA Fit,1.5,4,Man-6,2WD,Gasoline,station wagon,3.0,29.0,36.0,31.0,7,Yes
HONDA Fit,1.5,4,Man-5,2WD,Gasoline,station wagon,6.0,28.0,34.0,31.0,9,yes,HONDA Fit,1.5,4,SCV-7,2WD,Gasoline,station wagon,7.0,31.0,36.0,33.0,8,Yes
HYUNDAI Accent,1.6,4,Auto-L4,2WD,Gasoline,small car,7.0,24.0,33.0,28.0,8,yes,HYUNDAI Accent,1.6,4,Man-6,2WD,Gasoline,small car,3.0,28.0,37.0,31.0,7,Yes
HYUNDAI Accent,1.6,4,Auto-L4,2WD,Gasoline,small car,7.0,24.0,33.0,28.0,8,yes,HYUNDAI Accent,1.6,4,SemiAuto-6,2WD,Gasoline,small car,3.0,28.0,38.0,32.0,7,Yes
HYUNDAI Accent,1.6,4,Man-5,2WD,Gasoline,small car,7.0,27.0,32.0,29.0,8,yes,HYUNDAI Accent,1.6,4,Man-6,2WD,Gasoline,small car,3.0,28.0,37.0,31.0,7,Yes
HYUNDAI Accent,1.6,4,Man-5,2WD,Gasoline,small car,7.0,27.0,32.0,29.0,8,yes,HYUNDAI Accent,1.6,4,SemiAuto-6,2WD,Gasoline,small car,3.0,28.0,38.0,32.0,7,Yes
HYUNDAI Elantra,2.0,4,Auto-L4,2WD,Gasoline,midsize car,9.5,25.0,33.0,28.0,8,yes,HYUNDAI Elantra,1.4,4,AutoMan-7,2WD,Gasoline,midsize car,3.0,32.0,40.0,35.0,8,Yes
HYUNDAI Elantra,2.0,4,Auto-L4,2WD,Gasoline,midsize car,9.5,25.0,33.0,28.0,8,yes,HYUNDAI Elantra,2.0,4,SemiAuto-6,2WD,Gasoline,midsize car,7.0,28.0,37.0,32.0,7,Yes
HYUNDAI Elantra,2.0,4,Auto-L4,2WD,Gasoline,midsize car,9.5,25.0,33.0,28.0,8,yes,HYUNDAI Elantra,2.0,4,SemiAuto-6,2WD,Gasoline,midsize car,5.0,28.0,37.0,32.0,7,Yes
HYUNDAI Elantra,2.0,4,Man-5,2WD,Gasoline,midsize car,7.0,24.0,33.0,27.0,8,yes,HYUNDAI Elantra,1.4,4,AutoMan-7,2WD,Gasoline,midsize car,3.0,32.0,40.0,35.0,8,Yes
HYUNDAI Elantra,2.0,4,Man-5,2WD,Gasoline,midsize car,7.0,24.0,33.0,27.0,8,yes,HYUNDAI Elantra,2.0,4,SemiAuto-6,2WD,Gasoline,midsize car,7.0,28.0,37.0,32.0,7,Yes
HYUNDAI Elantra,2.0,4,Man-5,2WD,Gasoline,midsize car,7.0,24.0,33.0,27.0,8,yes,HYUNDAI Elantra,2.0,4,SemiAuto-6,2WD,Gasoline,midsize car,5.0,28.0,37.0,32.0,7,Yes
HYUNDAI Elantra,2.0,4,Auto-L4,2WD,Gasoline,midsize car,7.0,25.0,33.0,28.0,8,yes,HYUNDAI Elantra,1.4,4,AutoMan-7,2WD,Gasoline,midsize car,3.0,32.0,40.0,35.0,8,Yes
HYUNDAI Elantra,2.0,4,Auto-L4,2WD,Gasoline,midsize car,7.0,25.0,33.0,28.0,8,yes,HYUNDAI Elantra,2.0,4,SemiAuto-6,2WD,Gasoline,midsize car,7.0,28.0,37.0,32.0,7,Yes
HYUNDAI Elantra,2.0,4,Auto-L4,2WD,Gasoline,midsize car,7.0,25.0,33.0,28.0,8,yes,HYUNDAI Elantra,2.0,4,SemiAuto-6,2WD,Gasoline,midsize car,5.0,28.0,37.0,32.0,7,Yes
HYUNDAI Sonata,2.4,4,Auto-L4,2WD,Gasoline,large car,7.0,21.0,30.0,24.0,7,yes,HYUNDAI Sonata,1.6,4,AutoMan-7,2WD,Gasoline,large car,5.0,28.0,37.0,31.0,7,Yes
HYUNDAI Sonata,2.4,4,Man-5,2WD,Gasoline,large car,7.0,21.0,31.0,25.0,7,yes,HYUNDAI Sonata,1.6,4,AutoMan-7,2WD,Gasoline,large car,5.0,28.0,37.0,31.0,7,Yes
HYUNDAI Sonata,3.3,6,Auto-L5,2WD,Gasoline,large car,7.0,19.0,28.0,22.0,6,yes,HYUNDAI Sonata,1.6,4,AutoMan-7,2WD,Gasoline,large car,5.0,28.0,37.0,31.0,7,Yes
KIA Optima,2.4,4,Auto-L5,2WD,Gasoline,midsize car,7.0,21.0,31.0,25.0,7,yes,KIA Optima,1.6,4,AutoMan-7,2WD,Gasoline,large car,3.0,28.0,37.0,31.0,7,Yes
KIA Optima,2.4,4,Man-5,2WD,Gasoline,midsize car,7.0,21.0,31.0,25.0,7,yes,KIA Optima,1.6,4,AutoMan-7,2WD,Gasoline,large car,3.0,28.0,37.0,31.0,7,Yes
KIA Rio,1.6,4,Auto-L4,2WD,Gasoline,small car,7.0,25.0,35.0,29.0,8,yes,KIA Rio,1.6,4,Man-6,2WD,Gasoline,small car,3.0,29.0,37.0,32.0,7,Yes
KIA Rio,1.6,4,Auto-L4,2WD,Gasoline,small car,7.0,25.0,35.0,29.0,8,yes,KIA Rio,1.6,4,SemiAuto-6,2WD,Gasoline,small car,3.0,28.0,37.0,32.0,7,Yes
KIA Rio,1.6,4,Man-5,2WD,Gasoline,small car,7.0,27.0,32.0,29.0,8,yes,KIA Rio,1.6,4,Man-6,2WD,Gasoline,small car,3.0,29.0,37.0,32.0,7,Yes
KIA Rio,1.6,4,Man-5,2WD,Gasoline,small car,7.0,27.0,32.0,29.0,8,yes,KIA Rio,1.6,4,SemiAuto-6,2WD,Gasoline,small car,3.0,28.0,37.0,32.0,7,Yes
LEXUS GS 450h,3.5,6,Auto-S6,2WD,Gasoline,small car,9.0,22.0,25.0,23.0,7,yes,LEXUS GS 450h,3.5,6,SCV-8,2WD,Gasoline,midsize car,7.0,29.0,34.0,31.0,7,Yes
MAZDA 3,2.0,4,Auto-S4,2WD,Gasoline,small car,9.5,23.0,31.0,26.0,8,yes,MAZDA 3,2.0,4,Man-6,2WD,Gasoline,midsize car,7.0,27.0,37.0,31.0,7,Yes
MAZDA 3,2.0,4,Auto-S4,2WD,Gasoline,small car,9.5,23.0,31.0,26.0,8,yes,MAZDA 3,2.0,4,Man-6,2WD,Gasoline,small car,7.0,28.0,38.0,31.0,7,Yes
MAZDA 3,2.0,4,Auto-S4,2WD,Gasoline,small car,9.5,23.0,31.0,26.0,8,yes,MAZDA 3,2.0,4,SemiAuto-6,2WD,Gasoline,midsize car,7.0,28.0,37.0,32.0,7,Yes
MAZDA 3,2.0,4,Auto-S4,2WD,Gasoline,small car,9.5,23.0,31.0,26.0,8,yes,MAZDA 3,2.0,4,SemiAuto-6,2WD,Gasoline,small car,7.0,28.0,37.0,31.0,7,Yes
MAZDA 3,2.0,4,Auto-S4,2WD,Gasoline,small car,9.5,23.0,31.0,26.0,8,yes,MAZDA 3,2.5,4,SemiAuto-6,2WD,Gasoline,midsize car,7.0,26.0,35.0,30.0,7,Yes
MAZDA 3,2.0,4,Auto-S4,2WD,Gasoline,small car,9.5,23.0,31.0,26.0,8,yes,MAZDA 3,2.5,4,SemiAuto-6,2WD,Gasoline,small car,7.0,27.0,36.0,30.0,7,Yes
MAZDA 3,2.0,4,Man-5,2WD,Gasoline,small car,9.5,24.0,32.0,27.0,8,yes,MAZDA 3,2.0,4,Man-6,2WD,Gasoline,midsize car,7.0,27.0,37.0,31.0,7,Yes
MAZDA 3,2.0,4,Man-5,2WD,Gasoline,small car,9.5,24.0,32.0,27.0,8,yes,MAZDA 3,2.0,4,Man-6,2WD,Gasoline,small car,7.0,28.0,38.0,31.0,7,Yes
MAZDA 3,2.0,4,Man-5,2WD,Gasoline,small car,9.5,24.0,32.0,27.0,8,yes,MAZDA 3,2.0,4,SemiAuto-6,2WD,Gasoline,midsize car,7.0,28.0,37.0,32.0,7,Yes
MAZDA 3,2.0,4,Man-5,2WD,Gasoline,small car,9.5,24.0,32.0,27.0,8,yes,MAZDA 3,2.0,4,SemiAuto-6,2WD,Gasoline,small car,7.0,28.0,37.0,31.0,7,Yes
MAZDA 3,2.0,4,Man-5,2WD,Gasoline,small car,9.5,24.0,32.0,27.0,8,yes,MAZDA 3,2.5,4,SemiAuto-6,2WD,Gasoline,midsize car,7.0,26.0,35.0,30.0,7,Yes
MAZDA 3,2.0,4,Man-5,2WD,Gasoline,small car,9.5,24.0,32.0,27.0,8,yes,MAZDA 3,2.5,4,SemiAuto-6,2WD,Gasoline,small car,7.0,27.0,36.0,30.0,7,Yes
MAZDA 3,2.3,4,Auto-S5,2WD,Gasoline,small car,9.5,22.0,29.0,24.0,7,yes,MAZDA 3,2.0,4,Man-6,2WD,Gasoline,midsize car,7.0,27.0,37.0,31.0,7,Yes
MAZDA 3,2.3,4,Auto-S5,2WD,Gasoline,small car,9.5,22.0,29.0,24.0,7,yes,MAZDA 3,2.0,4,Man-6,2WD,Gasoline,small car,7.0,28.0,38.0,31.0,7,Yes
MAZDA 3,2.3,4,Auto-S5,2WD,Gasoline,small car,9.5,22.0,29.0,24.0,7,yes,MAZDA 3,2.0,4,SemiAuto-6,2WD,Gasoline,midsize car,7.0,28.0,37.0,32.0,7,Yes
MAZDA 3,2.3,4,Auto-S5,2WD,Gasoline,small car,9.5,22.0,29.0,24.0,7,yes,MAZDA 3,2.0,4,SemiAuto-6,2WD,Gasoline,small car,7.0,28.0,37.0,31.0,7,Yes
MAZDA 3,2.3,4,Auto-S5,2WD,Gasoline,small car,9.5,22.0,29.0,24.0,7,yes,MAZDA 3,2.5,4,SemiAuto-6,2WD,Gasoline,midsize car,7.0,26.0,35.0,30.0,7,Yes
MAZDA 3,2.3,4,Auto-S5,2WD,Gasoline,small car,9.5,22.0,29.0,24.0,7,yes,MAZDA 3,2.5,4,SemiAuto-6,2WD,Gasoline,small car,7.0,27.0,36.0,30.0,7,Yes
MAZDA 3,2.3,4,Man-5,2WD,Gasoline,small car,9.5,22.0,29.0,25.0,7,yes,MAZDA 3,2.0,4,Man-6,2WD,Gasoline,midsize car,7.0,27.0,37.0,31.0,7,Yes
MAZDA 3,2.3,4,Man-5,2WD,Gasoline,small car,9.5,22.0,29.0,25.0,7,yes,MAZDA 3,2.0,4,Man-6,2WD,Gasoline,small car,7.0,28.0,38.0,31.0,7,Yes
MAZDA 3,2.3,4,Man-5,2WD,Gasoline,small car,9.5,22.0,29.0,25.0,7,yes,MAZDA 3,2.0,4,SemiAuto-6,2WD,Gasoline,midsize car,7.0,28.0,37.0,32.0,7,Yes
MAZDA 3,2.3,4,Man-5,2WD,Gasoline,small car,9.5,22.0,29.0,25.0,7,yes,MAZDA 3,2.0,4,SemiAuto-6,2WD,Gasoline,small car,7.0,28.0,37.0,31.0,7,Yes
MAZDA 3,2.3,4,Man-5,2WD,Gasoline,small car,9.5,22.0,29.0,25.0,7,yes,MAZDA 3,2.5,4,SemiAuto-6,2WD,Gasoline,midsize car,7.0,26.0,35.0,30.0,7,Yes
MAZDA 3,2.3,4,Man-5,2WD,Gasoline,small car,9.5,22.0,29.0,25.0,7,yes,MAZDA 3,2.5,4,SemiAuto-6,2WD,Gasoline,small car,7.0,27.0,36.0,30.0,7,Yes
MAZDA 3,2.3,4,Man-6,2WD,Gasoline,midsize car,7.0,18.0,26.0,20.0,6,yes,MAZDA 3,2.0,4,Man-6,2WD,Gasoline,midsize car,7.0,27.0,37.0,31.0,7,Yes
MAZDA 3,2.3,4,Man-6,2WD,Gasoline,midsize car,7.0,18.0,26.0,20.0,6,yes,MAZDA 3,2.0,4,Man-6,2WD,Gasoline,small car,7.0,28.0,38.0,31.0,7,Yes
MAZDA 3,2.3,4,Man-6,2WD,Gasoline,midsize car,7.0,18.0,26.0,20.0,6,yes,MAZDA 3,2.0,4,SemiAuto-6,2WD,Gasoline,midsize car,7.0,28.0,37.0,32.0,7,Yes
MAZDA 3,2.3,4,Man-6,2WD,Gasoline,midsize car,7.0,18.0,26.0,20.0,6,yes,MAZDA 3,2.0,4,SemiAuto-6,2WD,Gasoline,small car,7.0,28.0,37.0,31.0,7,Yes
MAZDA 3,2.3,4,Man-6,2WD,Gasoline,midsize car,7.0,18.0,26.0,20.0,6,yes,MAZDA 3,2.5,4,SemiAuto-6,2WD,Gasoline,midsize car,7.0,26.0,35.0,30.0,7,Yes
MAZDA 3,2.3,4,Man-6,2WD,Gasoline,midsize car,7.0,18.0,26.0,20.0,6,yes,MAZDA 3,2.5,4,SemiAuto-6,2WD,Gasoline,small car,7.0,27.0,36.0,30.0,7,Yes
NISSAN Altima,2.5,4,Auto-AV,2WD,Gasoline,midsize car,9.5,23.0,31.0,26.0,8,yes,NISSAN Altima,2.5,4,CVT,2WD,Gasoline,midsize car,7.0,27.0,38.0,31.0,7,Yes
NISSAN Altima,2.5,4,Man-6,2WD,Gasoline,midsize car,9.5,23.0,32.0,26.0,8,yes,NISSAN Altima,2.5,4,CVT,2WD,Gasoline,midsize car,7.0,27.0,38.0,31.0,7,Yes
NISSAN Altima,2.5,4,Auto-AV,2WD,Gasoline,small car,9.5,23.0,31.0,26.0,8,yes,NISSAN Altima,2.5,4,CVT,2WD,Gasoline,midsize car,7.0,27.0,38.0,31.0,7,Yes
NISSAN Altima,2.5,4,Man-6,2WD,Gasoline,small car,9.5,23.0,32.0,26.0,8,yes,NISSAN Altima,2.5,4,CVT,2WD,Gasoline,midsize car,7.0,27.0,38.0,31.0,7,Yes
NISSAN Altima,3.5,6,Auto-AV,2WD,Gasoline,midsize car,7.0,19.0,26.0,22.0,6,yes,NISSAN Altima,2.5,4,CVT,2WD,Gasoline,midsize car,7.0,27.0,38.0,31.0,7,Yes
NISSAN Altima,3.5,6,Man-6,2WD,Gasoline,midsize car,7.0,19.0,27.0,22.0,6,yes,NISSAN Altima,2.5,4,CVT,2WD,Gasoline,midsize car,7.0,27.0,38.0,31.0,7,Yes
NISSAN Altima,3.5,6,Auto-AV,2WD,Gasoline,small car,7.0,19.0,26.0,22.0,6,yes,NISSAN Altima,2.5,4,CVT,2WD,Gasoline,midsize car,7.0,27.0,38.0,31.0,7,Yes
NISSAN Altima,3.5,6,Man-6,2WD,Gasoline,small car,7.0,19.0,27.0,22.0,6,yes,NISSAN Altima,2.5,4,CVT,2WD,Gasoline,midsize car,7.0,27.0,38.0,31.0,7,Yes
NISSAN Altima,2.5,4,Auto-AV,2WD,Gasoline,midsize car,6.0,23.0,31.0,26.0,8,yes,NISSAN Altima,2.5,4,CVT,2WD,Gasoline,midsize car,7.0,27.0,38.0,31.0,7,Yes
NISSAN Altima,2.5,4,Man-6,2WD,Gasoline,midsize car,6.0,23.0,32.0,26.0,8,yes,NISSAN Altima,2.5,4,CVT,2WD,Gasoline,midsize car,7.0,27.0,38.0,31.0,7,Yes
NISSAN Altima,2.5,4,Auto-AV,2WD,Gasoline,small car,6.0,23.0,31.0,26.0,8,yes,NISSAN Altima,2.5,4,CVT,2WD,Gasoline,midsize car,7.0,27.0,38.0,31.0,7,Yes
NISSAN Altima,2.5,4,Man-6,2WD,Gasoline,small car,6.0,23.0,32.0,26.0,8,yes,NISSAN Altima,2.5,4,CVT,2WD,Gasoline,midsize car,7.0,27.0,38.0,31.0,7,Yes
NISSAN Sentra,2.0,4,Man-6,2WD,Gasoline,midsize car,7.0,24.0,31.0,27.0,8,yes,NISSAN Sentra,1.8,4,CVT,2WD,Gasoline,midsize car,7.0,29.0,37.0,32.0,7,Yes
NISSAN Sentra,2.0,4,Auto-AV,2WD,Gasoline,midsize car,7.0,25.0,33.0,28.0,8,yes,NISSAN Sentra,1.8,4,CVT,2WD,Gasoline,midsize car,7.0,29.0,37.0,32.0,7,Yes
NISSAN Sentra,2.5,4,Man-6,2WD,Gasoline,midsize car,6.0,21.0,29.0,24.0,7,yes,NISSAN Sentra,1.8,4,CVT,2WD,Gasoline,midsize car,7.0,29.0,37.0,32.0,7,Yes
NISSAN Sentra,2.5,4,Auto-AV,2WD,Gasoline,midsize car,6.0,24.0,30.0,26.0,8,yes,NISSAN Sentra,1.8,4,CVT,2WD,Gasoline,midsize car,7.0,29.0,37.0,32.0,7,Yes
NISSAN Versa,1.8,4,Auto-L4,2WD,Gasoline,midsize car,7.0,24.0,32.0,27.0,8,yes,NISSAN Versa,1.6,4,CVT,2WD,Gasoline,small car,3.0,31.0,39.0,34.0,8,Yes
NISSAN Versa,1.8,4,Auto-L4,2WD,Gasoline,midsize car,7.0,24.0,32.0,27.0,8,yes,NISSAN Versa,1.6,4,CVT,2WD,Gasoline,small car,5.0,31.0,39.0,34.0,8,Yes
NISSAN Versa,1.8,4,Auto-L4,2WD,Gasoline,midsize car,7.0,24.0,32.0,27.0,8,yes,NISSAN Versa,1.6,4,Man-5,2WD,Gasoline,small car,3.0,27.0,36.0,30.0,7,Yes
NISSAN Versa,1.8,4,Auto-L4,2WD,Gasoline,midsize car,7.0,24.0,32.0,27.0,8,yes,NISSAN Versa,1.6,4,Man-5,2WD,Gasoline,small car,5.0,27.0,36.0,30.0,7,Yes
NISSAN Versa,1.8,4,Man-6,2WD,Gasoline,midsize car,7.0,26.0,31.0,28.0,8,yes,NISSAN Versa,1.6,4,CVT,2WD,Gasoline,small car,3.0,31.0,39.0,34.0,8,Yes
NISSAN Versa,1.8,4,Man-6,2WD,Gasoline,midsize car,7.0,26.0,31.0,28.0,8,yes,NISSAN Versa,1.6,4,CVT,2WD,Gasoline,small car,5.0,31.0,39.0,34.0,8,Yes
NISSAN Versa,1.8,4,Man-6,2WD,Gasoline,midsize car,7.0,26.0,31.0,28.0,8,yes,NISSAN Versa,1.6,4,Man-5,2WD,Gasoline,small car,3.0,27.0,36.0,30.0,7,Yes
NISSAN Versa,1.8,4,Man-6,2WD,Gasoline,midsize car,7.0,26.0,31.0,28.0,8,yes,NISSAN Versa,1.6,4,Man-5,2WD,Gasoline,small car,5.0,27.0,36.0,30.0,7,Yes
NISSAN Versa,1.8,4,Auto-AV,2WD,Gasoline,midsize car,7.0,27.0,33.0,29.0,8,yes,NISSAN Versa,1.6,4,CVT,2WD,Gasoline,small car,3.0,31.0,39.0,34.0,8,Yes
NISSAN Versa,1.8,4,Auto-AV,2WD,Gasoline,midsize car,7.0,27.0,33.0,29.0,8,yes,NISSAN Versa,1.6,4,CVT,2WD,Gasoline,small car,5.0,31.0,39.0,34.0,8,Yes
NISSAN Versa,1.8,4,Auto-AV,2WD,Gasoline,midsize car,7.0,27.0,33.0,29.0,8,yes,NISSAN Versa,1.6,4,Man-5,2WD,Gasoline,small car,3.0,27.0,36.0,30.0,7,Yes
NISSAN Versa,1.8,4,Auto-AV,2WD,Gasoline,midsize car,7.0,27.0,33.0,29.0,8,yes,NISSAN Versa,1.6,4,Man-5,2WD,Gasoline,small car,5.0,27.0,36.0,30.0,7,Yes
TOYOTA Camry,2.4,4,Auto-L5,2WD,Gasoline,midsize car,9.5,21.0,31.0,25.0,7,yes,TOYOTA Camry,2.5,4,SemiAuto-8,2WD,Gasoline,midsize car,7.0,29.0,41.0,34.0,8,Yes
TOYOTA Camry,2.4,4,Man-5,2WD,Gasoline,midsize car,7.0,21.0,31.0,25.0,7,yes,TOYOTA Camry,2.5,4,SemiAuto-8,2WD,Gasoline,midsize car,7.0,29.0,41.0,34.0,8,Yes
TOYOTA Camry,2.4,4,Auto-L5,2WD,Gasoline,midsize car,7.0,21.0,31.0,25.0,7,yes,TOYOTA Camry,2.5,4,SemiAuto-8,2WD,Gasoline,midsize car,7.0,29.0,41.0,34.0,8,Yes
TOYOTA Camry,3.5,6,Auto-S6,2WD,Gasoline,midsize car,7.0,19.0,28.0,22.0,6,yes,TOYOTA Camry,2.5,4,SemiAuto-8,2WD,Gasoline,midsize car,7.0,29.0,41.0,34.0,8,Yes
TOYOTA Corolla,1.8,4,Auto-L4,2WD,Gasoline,small car,7.0,26.0,35.0,29.0,8,yes,TOYOTA Corolla,1.8,4,CVT,2WD,Gasoline,midsize car,3.0,28.0,36.0,32.0,7,Yes
TOYOTA Corolla,1.8,4,Auto-L4,2WD,Gasoline,small car,7.0,26.0,35.0,29.0,8,yes,TOYOTA Corolla,1.8,4,Man-6,2WD,Gasoline,midsize car,3.0,27.0,35.0,30.0,7,Yes
TOYOTA Corolla,1.8,4,Auto-L4,2WD,Gasoline,small car,7.0,26.0,35.0,29.0,8,yes,TOYOTA Corolla,1.8,4,SCV-7,2WD,Gasoline,midsize car,3.0,28.0,35.0,31.0,7,Yes
TOYOTA Corolla,1.8,4,Man-5,2WD,Gasoline,small car,7.0,28.0,37.0,31.0,9,yes,TOYOTA Corolla,1.8,4,CVT,2WD,Gasoline,midsize car,3.0,28.0,36.0,32.0,7,Yes
TOYOTA Corolla,1.8,4,Man-5,2WD,Gasoline,small car,7.0,28.0,37.0,31.0,9,yes,TOYOTA Corolla,1.8,4,Man-6,2WD,Gasoline,midsize car,3.0,27.0,35.0,30.0,7,Yes
TOYOTA Corolla,1.8,4,Man-5,2WD,Gasoline,small car,7.0,28.0,37.0,31.0,9,yes,TOYOTA Corolla,1.8,4,SCV-7,2WD,Gasoline,midsize car,3.0,28.0,35.0,31.0,7,Yes
TOYOTA Prius,1.5,4,Auto-AV,2WD,Gasoline,midsize car,9.5,48.0,45.0,46.0,10,yes,TOYOTA Prius,1.8,4,CVT,2WD,Gasoline,midsize car,7.0,54.0,50.0,52.0,10,Elite
TOYOTA Yaris,1.5,4,Auto-L4,2WD,Gasoline,small car,7.0,29.0,35.0,31.0,9,yes,TOYOTA Yaris,1.5,4,Auto-4,2WD,Gasoline,small car,3.0,30.0,35.0,32.0,7,Yes
TOYOTA Yaris,1.5,4,Auto-L4,2WD,Gasoline,small car,7.0,29.0,35.0,31.0,9,yes,TOYOTA Yaris,1.5,4,Man-5,2WD,Gasoline,small car,3.0,30.0,36.0,33.0,8,Yes
TOYOTA Yaris,1.5,4,Man-5,2WD,Gasoline,small car,7.0,29.0,36.0,32.0,9,yes,TOYOTA Yaris,1.5,4,Auto-4,2WD,Gasoline,small car,3.0,30.0,35.0,32.0,7,Yes
TOYOTA Yaris,1.5,4,Man-5,2WD,Gasoline,small car,7.0,29.0,36.0,32.0,9,yes,TOYOTA Yaris,1.5,4,Man-5,2WD,Gasoline,small car,3.0,30.0,36.0,33.0,8,Yes
VOLKSWAGEN Jetta,2.5,5,Man-5,2WD,Gasoline,small car,9.5,21.0,29.0,24.0,7,yes,VOLKSWAGEN Jetta,1.4,4,Man-5,2WD,Gasoline,small car,3.0,28.0,40.0,33.0,8,Yes
VOLKSWAGEN Jetta,2.5,5,Man-5,2WD,Gasoline,small car,9.5,21.0,29.0,24.0,7,yes,VOLKSWAGEN Jetta,1.4,4,SemiAuto-6,2WD,Gasoline,small car,5.0,28.0,38.0,32.0,7,Yes
VOLKSWAGEN Jetta,2.5,5,Auto-S6,2WD,Gasoline,small car,9.5,21.0,29.0,24.0,7,yes,VOLKSWAGEN Jetta,1.4,4,Man-5,2WD,Gasoline,small car,3.0,28.0,40.0,33.0,8,Yes
VOLKSWAGEN Jetta,2.5,5,Auto-S6,2WD,Gasoline,small car,9.5,21.0,29.0,24.0,7,yes,VOLKSWAGEN Jetta,1.4,4,SemiAuto-6,2WD,Gasoline,small car,5.0,28.0,38.0,32.0,7,Yes
VOLKSWAGEN Jetta,2.0,4,Man-6,2WD,Gasoline,small car,7.0,21.0,29.0,24.0,7,yes,VOLKSWAGEN Jetta,1.4,4,Man-5,2WD,Gasoline,small car,3.0,28.0,40.0,33.0,8,Yes
VOLKSWAGEN Jetta,2.0,4,Man-6,2WD,Gasoline,small car,7.0,21.0,29.0,24.0,7,yes,VOLKSWAGEN Jetta,1.4,4,SemiAuto-6,2WD,Gasoline,small car,5.0,28.0,38.0,32.0,7,Yes
VOLKSWAGEN Jetta,2.0,4,Auto-S6,2WD,Gasoline,small car,7.0,22.0,29.0,25.0,7,yes,VOLKSWAGEN Jetta,1.4,4,Man-5,2WD,Gasoline,small car,3.0,28.0,40.0,33.0,8,Yes
VOLKSWAGEN Jetta,2.0,4,Auto-S6,2WD,Gasoline,small car,7.0,22.0,29.0,25.0,7,yes,VOLKSWAGEN Jetta,1.4,4,SemiAuto-6,2WD,Gasoline,small car,5.0,28.0,38.0,32.0,7,Yes
VOLKSWAGEN Jetta,2.5,5,Man-5,2WD,Gasoline,small car,7.0,21.0,29.0,24.0,7,yes,VOLKSWAGEN Jetta,1.4,4,Man-5,2WD,Gasoline,small car,3.0,28.0,40.0,33.0,8,Yes
VOLKSWAGEN Jetta,2.5,5,Man-5,2WD,Gasoline,small car,7.0,21.0,29.0,24.0,7,yes,VOLKSWAGEN Jetta,1.4,4,SemiAuto-6,2WD,Gasoline,small car,5.0,28.0,38.0,32.0,7,Yes
VOLKSWAGEN Jetta,2.5,5,Auto-S6,2WD,Gasoline,small car,7.0,21.0,29.0,24.0,7,yes,VOLKSWAGEN Jetta,1.4,4,Man-5,2WD,Gasoline,small car,3.0,28.0,40.0,33.0,8,Yes
VOLKSWAGEN Jetta,2.5,5,Auto-S6,2WD,Gasoline,small car,7.0,21.0,29.0,24.0,7,yes,VOLKSWAGEN Jetta,1.4,4,SemiAuto-6,2WD,Gasoline,small car,5.0,28.0,38.0,32.0,7,Yes
